hotel_id,room_option_id,season_code,start_date,end_date,day_type,cost_sar,hb_cost_sar,fb_cost_sar,bb_upgrade_sar,hb_upgrade_sar,fb_upgrade_sar,unique_key
AJM,AJM_STD_CITY_2P,AJM_REG_OCTDEC,2025-10-23,2025-12-19,WEEKDAY,565,765,965,0,200,400,AJMAJM_STD_CITY_2PAJM_REG_OCTDECWEEKDAY
AJM,AJM_STD_CITY_2P,AJM_REG_OCTDEC,2025-10-23,2025-12-19,WEEKEND,615,815,1015,0,200,400,AJMAJM_STD_CITY_2PAJM_REG_OCTDECWEEKEND
AJM,AJM_DLX_HARAM_2P,AJM_REG_OCTDEC,2025-10-23,2025-12-19,WEEKDAY,665,865,1065,0,200,400,AJMAJM_DLX_HARAM_2PAJM_REG_OCTDECWEEKDAY
AJM,AJM_DLX_HARAM_2P,AJM_REG_OCTDEC,2025-10-23,2025-12-19,WEEKEND,715,915,1115,0,200,400,AJMAJM_DLX_HARAM_2PAJM_REG_OCTDECWEEKEND
AJM,AJM_STD_CITY_3P,AJM_REG_OCTDEC,2025-10-23,2025-12-19,WEEKDAY,655,905,1205,0,250,550,AJMAJM_STD_CITY_3PAJM_REG_OCTDECWEEKDAY
AJM,AJM_STD_CITY_3P,AJM_REG_OCTDEC,2025-10-23,2025-12-19,WEEKEND,705,955,1255,0,250,550,AJMAJM_STD_CITY_3PAJM_REG_OCTDECWEEKEND
AJM,AJM_STD_CITY_4P,AJM_REG_OCTDEC,2025-10-23,2025-12-19,WEEKDAY,745,1045,1445,0,300,700,AJMAJM_STD_CITY_4PAJM_REG_OCTDECWEEKDAY
AJM,AJM_STD_CITY_4P,AJM_REG_OCTDEC,2025-10-23,2025-12-19,WEEKEND,795,1095,1495,0,300,700,AJMAJM_STD_CITY_4PAJM_REG_OCTDECWEEKEND
AJM,AJM_DLX_HARAM_3P,AJM_REG_OCTDEC,2025-10-23,2025-12-19,WEEKDAY,755,1005,1305,0,250,550,AJMAJM_DLX_HARAM_3PAJM_REG_OCTDECWEEKDAY
AJM,AJM_DLX_HARAM_3P,AJM_REG_OCTDEC,2025-10-23,2025-12-19,WEEKEND,805,1055,1355,0,250,550,AJMAJM_DLX_HARAM_3PAJM_REG_OCTDECWEEKEND
AJM,AJM_DLX_HARAM_4P,AJM_REG_OCTDEC,2025-10-23,2025-12-19,WEEKDAY,845,1145,1545,0,300,700,AJMAJM_DLX_HARAM_4PAJM_REG_OCTDECWEEKDAY
AJM,AJM_DLX_HARAM_4P,AJM_REG_OCTDEC,2025-10-23,2025-12-19,WEEKEND,895,1195,1595,0,300,700,AJMAJM_DLX_HARAM_4PAJM_REG_OCTDECWEEKEND
AJM,AJM_STD_CITY_2P,AJM_REG_JANFEB,2026-01-06,2026-02-17,WEEKDAY,510,710,910,0,200,400,AJMAJM_STD_CITY_2PAJM_REG_JANFEBWEEKDAY
AJM,AJM_STD_CITY_2P,AJM_REG_JANFEB,2026-01-06,2026-02-17,WEEKEND,560,760,960,0,200,400,AJMAJM_STD_CITY_2PAJM_REG_JANFEBWEEKEND
AJM,AJM_DLX_HARAM_2P,AJM_REG_JANFEB,2026-01-06,2026-02-17,WEEKDAY,610,810,1010,0,200,400,AJMAJM_DLX_HARAM_2PAJM_REG_JANFEBWEEKDAY
AJM,AJM_DLX_HARAM_2P,AJM_REG_JANFEB,2026-01-06,2026-02-17,WEEKEND,660,860,1060,0,200,400,AJMAJM_DLX_HARAM_2PAJM_REG_JANFEBWEEKEND
AJM,AJM_STD_CITY_3P,AJM_REG_JANFEB,2026-01-06,2026-02-17,WEEKDAY,600,850,1150,0,250,550,AJMAJM_STD_CITY_3PAJM_REG_JANFEBWEEKDAY
AJM,AJM_STD_CITY_3P,AJM_REG_JANFEB,2026-01-06,2026-02-17,WEEKEND,650,900,1200,0,250,550,AJMAJM_STD_CITY_3PAJM_REG_JANFEBWEEKEND
AJM,AJM_STD_CITY_4P,AJM_REG_JANFEB,2026-01-06,2026-02-17,WEEKDAY,690,990,1390,0,300,700,AJMAJM_STD_CITY_4PAJM_REG_JANFEBWEEKDAY
AJM,AJM_STD_CITY_4P,AJM_REG_JANFEB,2026-01-06,2026-02-17,WEEKEND,740,1040,1440,0,300,700,AJMAJM_STD_CITY_4PAJM_REG_JANFEBWEEKEND
AJM,AJM_DLX_HARAM_3P,AJM_REG_JANFEB,2026-01-06,2026-02-17,WEEKDAY,700,950,1250,0,250,550,AJMAJM_DLX_HARAM_3PAJM_REG_JANFEBWEEKDAY
AJM,AJM_DLX_HARAM_3P,AJM_REG_JANFEB,2026-01-06,2026-02-17,WEEKEND,750,1000,1300,0,250,550,AJMAJM_DLX_HARAM_3PAJM_REG_JANFEBWEEKEND
AJM,AJM_DLX_HARAM_4P,AJM_REG_JANFEB,2026-01-06,2026-02-17,WEEKDAY,790,1090,1490,0,300,700,AJMAJM_DLX_HARAM_4PAJM_REG_JANFEBWEEKDAY
AJM,AJM_DLX_HARAM_4P,AJM_REG_JANFEB,2026-01-06,2026-02-17,WEEKEND,840,1140,1540,0,300,700,AJMAJM_DLX_HARAM_4PAJM_REG_JANFEBWEEKEND
FMT,FMT_CITY_2P,FRSS_OCT_DEC_2025,2025-10-01,2025-12-17,WEEKDAY,1170,,,0,,,FMTFMT_CITY_2PFRSS_OCT_DEC_2025WEEKDAY
FMT,FMT_CITY_3P,FRSS_OCT_DEC_2025,2025-10-01,2025-12-17,WEEKDAY,1320,,,0,,,FMTFMT_CITY_3PFRSS_OCT_DEC_2025WEEKDAY
FMT,FMT_CITY_4P,FRSS_OCT_DEC_2025,2025-10-01,2025-12-17,WEEKDAY,1470,,,0,,,FMTFMT_CITY_4PFRSS_OCT_DEC_2025WEEKDAY
FMT,FMT_CITY_2P,FRSS_OCT_DEC_2025,2025-10-01,2025-12-17,WEEKEND,1300,,,0,,,FMTFMT_CITY_2PFRSS_OCT_DEC_2025WEEKEND
FMT,FMT_CITY_3P,FRSS_OCT_DEC_2025,2025-10-01,2025-12-17,WEEKEND,1450,,,0,,,FMTFMT_CITY_3PFRSS_OCT_DEC_2025WEEKEND
FMT,FMT_CITY_4P,FRSS_OCT_DEC_2025,2025-10-01,2025-12-17,WEEKEND,1600,,,0,,,FMTFMT_CITY_4PFRSS_OCT_DEC_2025WEEKEND
FMT,FMT_HARAM_2P,FRSS_OCT_DEC_2025,2025-10-01,2025-12-17,WEEKDAY,1250,,,0,,,FMTFMT_HARAM_2PFRSS_OCT_DEC_2025WEEKDAY
FMT,FMT_HARAM_3P,FRSS_OCT_DEC_2025,2025-10-01,2025-12-17,WEEKDAY,1400,,,0,,,FMTFMT_HARAM_3PFRSS_OCT_DEC_2025WEEKDAY
FMT,FMT_HARAM_4P,FRSS_OCT_DEC_2025,2025-10-01,2025-12-17,WEEKDAY,1550,,,0,,,FMTFMT_HARAM_4PFRSS_OCT_DEC_2025WEEKDAY
FMT,FMT_HARAM_2P,FRSS_OCT_DEC_2025,2025-10-01,2025-12-17,WEEKEND,1380,,,0,,,FMTFMT_HARAM_2PFRSS_OCT_DEC_2025WEEKEND
FMT,FMT_HARAM_3P,FRSS_OCT_DEC_2025,2025-10-01,2025-12-17,WEEKEND,1530,,,0,,,FMTFMT_HARAM_3PFRSS_OCT_DEC_2025WEEKEND
FMT,FMT_HARAM_4P,FRSS_OCT_DEC_2025,2025-10-01,2025-12-17,WEEKEND,1680,,,0,,,FMTFMT_HARAM_4PFRSS_OCT_DEC_2025WEEKEND
FMT,FMT_KAABA_2P,FRSS_OCT_DEC_2025,2025-10-01,2025-12-17,WEEKDAY,1680,,,0,,,FMTFMT_KAABA_2PFRSS_OCT_DEC_2025WEEKDAY
FMT,FMT_KAABA_3P,FRSS_OCT_DEC_2025,2025-10-01,2025-12-17,WEEKDAY,1830,,,0,,,FMTFMT_KAABA_3PFRSS_OCT_DEC_2025WEEKDAY
FMT,FMT_KAABA_2P,FRSS_OCT_DEC_2025,2025-10-01,2025-12-17,WEEKEND,1810,,,0,,,FMTFMT_KAABA_2PFRSS_OCT_DEC_2025WEEKEND
FMT,FMT_KAABA_3P,FRSS_OCT_DEC_2025,2025-10-01,2025-12-17,WEEKEND,1960,,,0,,,FMTFMT_KAABA_3PFRSS_OCT_DEC_2025WEEKEND
FMT,FMT_JS_CITY_2P,FRSS_OCT_DEC_2025,2025-10-01,2025-12-17,WEEKDAY,1810,,,0,,,FMTFMT_JS_CITY_2PFRSS_OCT_DEC_2025WEEKDAY
FMT,FMT_JS_CITY_3P,FRSS_OCT_DEC_2025,2025-10-01,2025-12-17,WEEKDAY,1960,,,0,,,FMTFMT_JS_CITY_3PFRSS_OCT_DEC_2025WEEKDAY
FMT,FMT_JS_CITY_4P,FRSS_OCT_DEC_2025,2025-10-01,2025-12-17,WEEKDAY,2110,,,0,,,FMTFMT_JS_CITY_4PFRSS_OCT_DEC_2025WEEKDAY
FMT,FMT_JS_CITY_2P,FRSS_OCT_DEC_2025,2025-10-01,2025-12-17,WEEKEND,1930,,,0,,,FMTFMT_JS_CITY_2PFRSS_OCT_DEC_2025WEEKEND
FMT,FMT_JS_CITY_3P,FRSS_OCT_DEC_2025,2025-10-01,2025-12-17,WEEKEND,2080,,,0,,,FMTFMT_JS_CITY_3PFRSS_OCT_DEC_2025WEEKEND
FMT,FMT_JS_CITY_4P,FRSS_OCT_DEC_2025,2025-10-01,2025-12-17,WEEKEND,2230,,,0,,,FMTFMT_JS_CITY_4PFRSS_OCT_DEC_2025WEEKEND
FMT,FMT_JS_HARAM_2P,FRSS_OCT_DEC_2025,2025-10-01,2025-12-17,WEEKDAY,1870,,,0,,,FMTFMT_JS_HARAM_2PFRSS_OCT_DEC_2025WEEKDAY
FMT,FMT_JS_HARAM_3P,FRSS_OCT_DEC_2025,2025-10-01,2025-12-17,WEEKDAY,2020,,,0,,,FMTFMT_JS_HARAM_3PFRSS_OCT_DEC_2025WEEKDAY
FMT,FMT_JS_HARAM_4P,FRSS_OCT_DEC_2025,2025-10-01,2025-12-17,WEEKDAY,2170,,,0,,,FMTFMT_JS_HARAM_4PFRSS_OCT_DEC_2025WEEKDAY
FMT,FMT_JS_HARAM_2P,FRSS_OCT_DEC_2025,2025-10-01,2025-12-17,WEEKEND,2000,,,0,,,FMTFMT_JS_HARAM_2PFRSS_OCT_DEC_2025WEEKEND
FMT,FMT_JS_HARAM_3P,FRSS_OCT_DEC_2025,2025-10-01,2025-12-17,WEEKEND,2150,,,0,,,FMTFMT_JS_HARAM_3PFRSS_OCT_DEC_2025WEEKEND
FMT,FMT_JS_HARAM_4P,FRSS_OCT_DEC_2025,2025-10-01,2025-12-17,WEEKEND,2300,,,0,,,FMTFMT_JS_HARAM_4PFRSS_OCT_DEC_2025WEEKEND
FMT,FMT_JS_KAABA_2P,FRSS_OCT_DEC_2025,2025-10-01,2025-12-17,WEEKDAY,2100,,,0,,,FMTFMT_JS_KAABA_2PFRSS_OCT_DEC_2025WEEKDAY
FMT,FMT_JS_KAABA_3P,FRSS_OCT_DEC_2025,2025-10-01,2025-12-17,WEEKDAY,2250,,,0,,,FMTFMT_JS_KAABA_3PFRSS_OCT_DEC_2025WEEKDAY
FMT,FMT_JS_KAABA_4P,FRSS_OCT_DEC_2025,2025-10-01,2025-12-17,WEEKDAY,2400,,,0,,,FMTFMT_JS_KAABA_4PFRSS_OCT_DEC_2025WEEKDAY
FMT,FMT_JS_KAABA_2P,FRSS_OCT_DEC_2025,2025-10-01,2025-12-17,WEEKEND,2230,,,0,,,FMTFMT_JS_KAABA_2PFRSS_OCT_DEC_2025WEEKEND
FMT,FMT_JS_KAABA_3P,FRSS_OCT_DEC_2025,2025-10-01,2025-12-17,WEEKEND,2380,,,0,,,FMTFMT_JS_KAABA_3PFRSS_OCT_DEC_2025WEEKEND
FMT,FMT_JS_KAABA_4P,FRSS_OCT_DEC_2025,2025-10-01,2025-12-17,WEEKEND,2530,,,0,,,FMTFMT_JS_KAABA_4PFRSS_OCT_DEC_2025WEEKEND
FMT,FMT_GOLD_CITY_2P,FRSS_OCT_DEC_2025,2025-10-01,2025-12-17,WEEKDAY,1560,,,0,,,FMTFMT_GOLD_CITY_2PFRSS_OCT_DEC_2025WEEKDAY
FMT,FMT_GOLD_CITY_3P,FRSS_OCT_DEC_2025,2025-10-01,2025-12-17,WEEKDAY,1810,,,0,,,FMTFMT_GOLD_CITY_3PFRSS_OCT_DEC_2025WEEKDAY
FMT,FMT_GOLD_CITY_2P,FRSS_OCT_DEC_2025,2025-10-01,2025-12-17,WEEKEND,1780,,,0,,,FMTFMT_GOLD_CITY_2PFRSS_OCT_DEC_2025WEEKEND
FMT,FMT_GOLD_CITY_3P,FRSS_OCT_DEC_2025,2025-10-01,2025-12-17,WEEKEND,2030,,,0,,,FMTFMT_GOLD_CITY_3PFRSS_OCT_DEC_2025WEEKEND
FMT,FMT_CITY_2P,FRSS_DEC_JAN_2026,2025-12-18,2026-01-09,WEEKDAY,1810,,,0,,,FMTFMT_CITY_2PFRSS_DEC_JAN_2026WEEKDAY
FMT,FMT_CITY_3P,FRSS_DEC_JAN_2026,2025-12-18,2026-01-09,WEEKDAY,1960,,,0,,,FMTFMT_CITY_3PFRSS_DEC_JAN_2026WEEKDAY
FMT,FMT_CITY_4P,FRSS_DEC_JAN_2026,2025-12-18,2026-01-09,WEEKDAY,2110,,,0,,,FMTFMT_CITY_4PFRSS_DEC_JAN_2026WEEKDAY
FMT,FMT_CITY_2P,FRSS_DEC_JAN_2026,2025-12-18,2026-01-09,WEEKEND,1930,,,0,,,FMTFMT_CITY_2PFRSS_DEC_JAN_2026WEEKEND
FMT,FMT_CITY_3P,FRSS_DEC_JAN_2026,2025-12-18,2026-01-09,WEEKEND,2080,,,0,,,FMTFMT_CITY_3PFRSS_DEC_JAN_2026WEEKEND
FMT,FMT_CITY_4P,FRSS_DEC_JAN_2026,2025-12-18,2026-01-09,WEEKEND,2230,,,0,,,FMTFMT_CITY_4PFRSS_DEC_JAN_2026WEEKEND
FMT,FMT_HARAM_2P,FRSS_DEC_JAN_2026,2025-12-18,2026-01-09,WEEKDAY,1890,,,0,,,FMTFMT_HARAM_2PFRSS_DEC_JAN_2026WEEKDAY
FMT,FMT_HARAM_3P,FRSS_DEC_JAN_2026,2025-12-18,2026-01-09,WEEKDAY,2040,,,0,,,FMTFMT_HARAM_3PFRSS_DEC_JAN_2026WEEKDAY
FMT,FMT_HARAM_4P,FRSS_DEC_JAN_2026,2025-12-18,2026-01-09,WEEKDAY,2190,,,0,,,FMTFMT_HARAM_4PFRSS_DEC_JAN_2026WEEKDAY
FMT,FMT_HARAM_2P,FRSS_DEC_JAN_2026,2025-12-18,2026-01-09,WEEKEND,2020,,,0,,,FMTFMT_HARAM_2PFRSS_DEC_JAN_2026WEEKEND
FMT,FMT_HARAM_3P,FRSS_DEC_JAN_2026,2025-12-18,2026-01-09,WEEKEND,2170,,,0,,,FMTFMT_HARAM_3PFRSS_DEC_JAN_2026WEEKEND
FMT,FMT_HARAM_4P,FRSS_DEC_JAN_2026,2025-12-18,2026-01-09,WEEKEND,2320,,,0,,,FMTFMT_HARAM_4PFRSS_DEC_JAN_2026WEEKEND
FMT,FMT_KAABA_2P,FRSS_DEC_JAN_2026,2025-12-18,2026-01-09,WEEKDAY,2400,,,0,,,FMTFMT_KAABA_2PFRSS_DEC_JAN_2026WEEKDAY
FMT,FMT_KAABA_3P,FRSS_DEC_JAN_2026,2025-12-18,2026-01-09,WEEKDAY,2550,,,0,,,FMTFMT_KAABA_3PFRSS_DEC_JAN_2026WEEKDAY
FMT,FMT_KAABA_2P,FRSS_DEC_JAN_2026,2025-12-18,2026-01-09,WEEKEND,2530,,,0,,,FMTFMT_KAABA_2PFRSS_DEC_JAN_2026WEEKEND
FMT,FMT_KAABA_3P,FRSS_DEC_JAN_2026,2025-12-18,2026-01-09,WEEKEND,2680,,,0,,,FMTFMT_KAABA_3PFRSS_DEC_JAN_2026WEEKEND
FMT,FMT_JS_CITY_2P,FRSS_DEC_JAN_2026,2025-12-18,2026-01-09,WEEKDAY,2440,,,0,,,FMTFMT_JS_CITY_2PFRSS_DEC_JAN_2026WEEKDAY
FMT,FMT_JS_CITY_3P,FRSS_DEC_JAN_2026,2025-12-18,2026-01-09,WEEKDAY,2590,,,0,,,FMTFMT_JS_CITY_3PFRSS_DEC_JAN_2026WEEKDAY
FMT,FMT_JS_CITY_4P,FRSS_DEC_JAN_2026,2025-12-18,2026-01-09,WEEKDAY,2740,,,0,,,FMTFMT_JS_CITY_4PFRSS_DEC_JAN_2026WEEKDAY
FMT,FMT_JS_CITY_2P,FRSS_DEC_JAN_2026,2025-12-18,2026-01-09,WEEKEND,2570,,,0,,,FMTFMT_JS_CITY_2PFRSS_DEC_JAN_2026WEEKEND
FMT,FMT_JS_CITY_3P,FRSS_DEC_JAN_2026,2025-12-18,2026-01-09,WEEKEND,2720,,,0,,,FMTFMT_JS_CITY_3PFRSS_DEC_JAN_2026WEEKEND
FMT,FMT_JS_CITY_4P,FRSS_DEC_JAN_2026,2025-12-18,2026-01-09,WEEKEND,2870,,,0,,,FMTFMT_JS_CITY_4PFRSS_DEC_JAN_2026WEEKEND
FMT,FMT_JS_HARAM_2P,FRSS_DEC_JAN_2026,2025-12-18,2026-01-09,WEEKDAY,2630,,,0,,,FMTFMT_JS_HARAM_2PFRSS_DEC_JAN_2026WEEKDAY
FMT,FMT_JS_HARAM_3P,FRSS_DEC_JAN_2026,2025-12-18,2026-01-09,WEEKDAY,2780,,,0,,,FMTFMT_JS_HARAM_3PFRSS_DEC_JAN_2026WEEKDAY
FMT,FMT_JS_HARAM_4P,FRSS_DEC_JAN_2026,2025-12-18,2026-01-09,WEEKDAY,2930,,,0,,,FMTFMT_JS_HARAM_4PFRSS_DEC_JAN_2026WEEKDAY
FMT,FMT_JS_HARAM_2P,FRSS_DEC_JAN_2026,2025-12-18,2026-01-09,WEEKEND,2760,,,0,,,FMTFMT_JS_HARAM_2PFRSS_DEC_JAN_2026WEEKEND
FMT,FMT_JS_HARAM_3P,FRSS_DEC_JAN_2026,2025-12-18,2026-01-09,WEEKEND,2910,,,0,,,FMTFMT_JS_HARAM_3PFRSS_DEC_JAN_2026WEEKEND
FMT,FMT_JS_HARAM_4P,FRSS_DEC_JAN_2026,2025-12-18,2026-01-09,WEEKEND,3060,,,0,,,FMTFMT_JS_HARAM_4PFRSS_DEC_JAN_2026WEEKEND
FMT,FMT_JS_KAABA_2P,FRSS_DEC_JAN_2026,2025-12-18,2026-01-09,WEEKDAY,2830,,,0,,,FMTFMT_JS_KAABA_2PFRSS_DEC_JAN_2026WEEKDAY
FMT,FMT_JS_KAABA_3P,FRSS_DEC_JAN_2026,2025-12-18,2026-01-09,WEEKDAY,2980,,,0,,,FMTFMT_JS_KAABA_3PFRSS_DEC_JAN_2026WEEKDAY
FMT,FMT_JS_KAABA_4P,FRSS_DEC_JAN_2026,2025-12-18,2026-01-09,WEEKDAY,3130,,,0,,,FMTFMT_JS_KAABA_4PFRSS_DEC_JAN_2026WEEKDAY
FMT,FMT_JS_KAABA_2P,FRSS_DEC_JAN_2026,2025-12-18,2026-01-09,WEEKEND,2950,,,0,,,FMTFMT_JS_KAABA_2PFRSS_DEC_JAN_2026WEEKEND
FMT,FMT_JS_KAABA_3P,FRSS_DEC_JAN_2026,2025-12-18,2026-01-09,WEEKEND,3100,,,0,,,FMTFMT_JS_KAABA_3PFRSS_DEC_JAN_2026WEEKEND
FMT,FMT_JS_KAABA_4P,FRSS_DEC_JAN_2026,2025-12-18,2026-01-09,WEEKEND,3250,,,0,,,FMTFMT_JS_KAABA_4PFRSS_DEC_JAN_2026WEEKEND
FMT,FMT_GOLD_CITY_2P,FRSS_DEC_JAN_2026,2025-12-18,2026-01-09,WEEKDAY,2230,,,0,,,FMTFMT_GOLD_CITY_2PFRSS_DEC_JAN_2026WEEKDAY
FMT,FMT_GOLD_CITY_3P,FRSS_DEC_JAN_2026,2025-12-18,2026-01-09,WEEKDAY,2480,,,0,,,FMTFMT_GOLD_CITY_3PFRSS_DEC_JAN_2026WEEKDAY
FMT,FMT_GOLD_CITY_2P,FRSS_DEC_JAN_2026,2025-12-18,2026-01-09,WEEKEND,2470,,,0,,,FMTFMT_GOLD_CITY_2PFRSS_DEC_JAN_2026WEEKEND
FMT,FMT_GOLD_CITY_3P,FRSS_DEC_JAN_2026,2025-12-18,2026-01-09,WEEKEND,2720,,,0,,,FMTFMT_GOLD_CITY_3PFRSS_DEC_JAN_2026WEEKEND
FMT,FMT_CITY_2P,FRSS_JAN_FEB_2026,2026-01-10,2026-02-16,WEEKDAY,940,,,0,,,FMTFMT_CITY_2PFRSS_JAN_FEB_2026WEEKDAY
FMT,FMT_CITY_3P,FRSS_JAN_FEB_2026,2026-01-10,2026-02-16,WEEKDAY,1090,,,0,,,FMTFMT_CITY_3PFRSS_JAN_FEB_2026WEEKDAY
FMT,FMT_CITY_4P,FRSS_JAN_FEB_2026,2026-01-10,2026-02-16,WEEKDAY,1240,,,0,,,FMTFMT_CITY_4PFRSS_JAN_FEB_2026WEEKDAY
FMT,FMT_CITY_2P,FRSS_JAN_FEB_2026,2026-01-10,2026-02-16,WEEKEND,1060,,,0,,,FMTFMT_CITY_2PFRSS_JAN_FEB_2026WEEKEND
FMT,FMT_CITY_3P,FRSS_JAN_FEB_2026,2026-01-10,2026-02-16,WEEKEND,1210,,,0,,,FMTFMT_CITY_3PFRSS_JAN_FEB_2026WEEKEND
FMT,FMT_CITY_4P,FRSS_JAN_FEB_2026,2026-01-10,2026-02-16,WEEKEND,1360,,,0,,,FMTFMT_CITY_4PFRSS_JAN_FEB_2026WEEKEND
FMT,FMT_HARAM_2P,FRSS_JAN_FEB_2026,2026-01-10,2026-02-16,WEEKDAY,1020,,,0,,,FMTFMT_HARAM_2PFRSS_JAN_FEB_2026WEEKDAY
FMT,FMT_HARAM_3P,FRSS_JAN_FEB_2026,2026-01-10,2026-02-16,WEEKDAY,1170,,,0,,,FMTFMT_HARAM_3PFRSS_JAN_FEB_2026WEEKDAY
FMT,FMT_HARAM_4P,FRSS_JAN_FEB_2026,2026-01-10,2026-02-16,WEEKDAY,1320,,,0,,,FMTFMT_HARAM_4PFRSS_JAN_FEB_2026WEEKDAY
FMT,FMT_HARAM_2P,FRSS_JAN_FEB_2026,2026-01-10,2026-02-16,WEEKEND,1150,,,0,,,FMTFMT_HARAM_2PFRSS_JAN_FEB_2026WEEKEND
FMT,FMT_HARAM_3P,FRSS_JAN_FEB_2026,2026-01-10,2026-02-16,WEEKEND,1300,,,0,,,FMTFMT_HARAM_3PFRSS_JAN_FEB_2026WEEKEND
FMT,FMT_HARAM_4P,FRSS_JAN_FEB_2026,2026-01-10,2026-02-16,WEEKEND,1450,,,0,,,FMTFMT_HARAM_4PFRSS_JAN_FEB_2026WEEKEND
FMT,FMT_KAABA_2P,FRSS_JAN_FEB_2026,2026-01-10,2026-02-16,WEEKDAY,1450,,,0,,,FMTFMT_KAABA_2PFRSS_JAN_FEB_2026WEEKDAY
FMT,FMT_KAABA_3P,FRSS_JAN_FEB_2026,2026-01-10,2026-02-16,WEEKDAY,1600,,,0,,,FMTFMT_KAABA_3PFRSS_JAN_FEB_2026WEEKDAY
FMT,FMT_KAABA_2P,FRSS_JAN_FEB_2026,2026-01-10,2026-02-16,WEEKEND,1570,,,0,,,FMTFMT_KAABA_2PFRSS_JAN_FEB_2026WEEKEND
FMT,FMT_KAABA_3P,FRSS_JAN_FEB_2026,2026-01-10,2026-02-16,WEEKEND,1720,,,0,,,FMTFMT_KAABA_3PFRSS_JAN_FEB_2026WEEKEND
FMT,FMT_JS_CITY_2P,FRSS_JAN_FEB_2026,2026-01-10,2026-02-16,WEEKDAY,1570,,,0,,,FMTFMT_JS_CITY_2PFRSS_JAN_FEB_2026WEEKDAY
FMT,FMT_JS_CITY_3P,FRSS_JAN_FEB_2026,2026-01-10,2026-02-16,WEEKDAY,1720,,,0,,,FMTFMT_JS_CITY_3PFRSS_JAN_FEB_2026WEEKDAY
FMT,FMT_JS_CITY_4P,FRSS_JAN_FEB_2026,2026-01-10,2026-02-16,WEEKDAY,1870,,,0,,,FMTFMT_JS_CITY_4PFRSS_JAN_FEB_2026WEEKDAY
FMT,FMT_JS_CITY_2P,FRSS_JAN_FEB_2026,2026-01-10,2026-02-16,WEEKEND,1700,,,0,,,FMTFMT_JS_CITY_2PFRSS_JAN_FEB_2026WEEKEND
FMT,FMT_JS_CITY_3P,FRSS_JAN_FEB_2026,2026-01-10,2026-02-16,WEEKEND,1850,,,0,,,FMTFMT_JS_CITY_3PFRSS_JAN_FEB_2026WEEKEND
FMT,FMT_JS_CITY_4P,FRSS_JAN_FEB_2026,2026-01-10,2026-02-16,WEEKEND,2000,,,0,,,FMTFMT_JS_CITY_4PFRSS_JAN_FEB_2026WEEKEND
FMT,FMT_JS_HARAM_2P,FRSS_JAN_FEB_2026,2026-01-10,2026-02-16,WEEKDAY,1640,,,0,,,FMTFMT_JS_HARAM_2PFRSS_JAN_FEB_2026WEEKDAY
FMT,FMT_JS_HARAM_3P,FRSS_JAN_FEB_2026,2026-01-10,2026-02-16,WEEKDAY,1790,,,0,,,FMTFMT_JS_HARAM_3PFRSS_JAN_FEB_2026WEEKDAY
FMT,FMT_JS_HARAM_4P,FRSS_JAN_FEB_2026,2026-01-10,2026-02-16,WEEKDAY,1940,,,0,,,FMTFMT_JS_HARAM_4PFRSS_JAN_FEB_2026WEEKDAY
FMT,FMT_JS_HARAM_2P,FRSS_JAN_FEB_2026,2026-01-10,2026-02-16,WEEKEND,1770,,,0,,,FMTFMT_JS_HARAM_2PFRSS_JAN_FEB_2026WEEKEND
FMT,FMT_JS_HARAM_3P,FRSS_JAN_FEB_2026,2026-01-10,2026-02-16,WEEKEND,1920,,,0,,,FMTFMT_JS_HARAM_3PFRSS_JAN_FEB_2026WEEKEND
FMT,FMT_JS_HARAM_4P,FRSS_JAN_FEB_2026,2026-01-10,2026-02-16,WEEKEND,2070,,,0,,,FMTFMT_JS_HARAM_4PFRSS_JAN_FEB_2026WEEKEND
FMT,FMT_JS_KAABA_2P,FRSS_JAN_FEB_2026,2026-01-10,2026-02-16,WEEKDAY,1870,,,0,,,FMTFMT_JS_KAABA_2PFRSS_JAN_FEB_2026WEEKDAY
FMT,FMT_JS_KAABA_3P,FRSS_JAN_FEB_2026,2026-01-10,2026-02-16,WEEKDAY,2020,,,0,,,FMTFMT_JS_KAABA_3PFRSS_JAN_FEB_2026WEEKDAY
FMT,FMT_JS_KAABA_4P,FRSS_JAN_FEB_2026,2026-01-10,2026-02-16,WEEKDAY,2170,,,0,,,FMTFMT_JS_KAABA_4PFRSS_JAN_FEB_2026WEEKDAY
FMT,FMT_JS_KAABA_2P,FRSS_JAN_FEB_2026,2026-01-10,2026-02-16,WEEKEND,2000,,,0,,,FMTFMT_JS_KAABA_2PFRSS_JAN_FEB_2026WEEKEND
FMT,FMT_JS_KAABA_3P,FRSS_JAN_FEB_2026,2026-01-10,2026-02-16,WEEKEND,2150,,,0,,,FMTFMT_JS_KAABA_3PFRSS_JAN_FEB_2026WEEKEND
FMT,FMT_JS_KAABA_4P,FRSS_JAN_FEB_2026,2026-01-10,2026-02-16,WEEKEND,2300,,,0,,,FMTFMT_JS_KAABA_4PFRSS_JAN_FEB_2026WEEKEND
FMT,FMT_GOLD_CITY_2P,FRSS_JAN_FEB_2026,2026-01-10,2026-02-16,WEEKDAY,1320,,,0,,,FMTFMT_GOLD_CITY_2PFRSS_JAN_FEB_2026WEEKDAY
FMT,FMT_GOLD_CITY_3P,FRSS_JAN_FEB_2026,2026-01-10,2026-02-16,WEEKDAY,1570,,,0,,,FMTFMT_GOLD_CITY_3PFRSS_JAN_FEB_2026WEEKDAY
FMT,FMT_GOLD_CITY_2P,FRSS_JAN_FEB_2026,2026-01-10,2026-02-16,WEEKEND,1540,,,0,,,FMTFMT_GOLD_CITY_2PFRSS_JAN_FEB_2026WEEKEND
FMT,FMT_GOLD_CITY_3P,FRSS_JAN_FEB_2026,2026-01-10,2026-02-16,WEEKEND,1790,,,0,,,FMTFMT_GOLD_CITY_3PFRSS_JAN_FEB_2026WEEKEND
FMT,FMT_CITY_2P,FRSS_MAR_APR_2026,2026-03-20,2026-04-17,WEEKDAY,890,,,0,,,FMTFMT_CITY_2PFRSS_MAR_APR_2026WEEKDAY
FMT,FMT_CITY_3P,FRSS_MAR_APR_2026,2026-03-20,2026-04-17,WEEKDAY,1040,,,0,,,FMTFMT_CITY_3PFRSS_MAR_APR_2026WEEKDAY
FMT,FMT_CITY_4P,FRSS_MAR_APR_2026,2026-03-20,2026-04-17,WEEKDAY,1190,,,0,,,FMTFMT_CITY_4PFRSS_MAR_APR_2026WEEKDAY
FMT,FMT_CITY_2P,FRSS_MAR_APR_2026,2026-03-20,2026-04-17,WEEKEND,1020,,,0,,,FMTFMT_CITY_2PFRSS_MAR_APR_2026WEEKEND
FMT,FMT_CITY_3P,FRSS_MAR_APR_2026,2026-03-20,2026-04-17,WEEKEND,1170,,,0,,,FMTFMT_CITY_3PFRSS_MAR_APR_2026WEEKEND
FMT,FMT_CITY_4P,FRSS_MAR_APR_2026,2026-03-20,2026-04-17,WEEKEND,1320,,,0,,,FMTFMT_CITY_4PFRSS_MAR_APR_2026WEEKEND
FMT,FMT_HARAM_2P,FRSS_MAR_APR_2026,2026-03-20,2026-04-17,WEEKDAY,980,,,0,,,FMTFMT_HARAM_2PFRSS_MAR_APR_2026WEEKDAY
FMT,FMT_HARAM_3P,FRSS_MAR_APR_2026,2026-03-20,2026-04-17,WEEKDAY,1130,,,0,,,FMTFMT_HARAM_3PFRSS_MAR_APR_2026WEEKDAY
FMT,FMT_HARAM_4P,FRSS_MAR_APR_2026,2026-03-20,2026-04-17,WEEKDAY,1280,,,0,,,FMTFMT_HARAM_4PFRSS_MAR_APR_2026WEEKDAY
FMT,FMT_HARAM_2P,FRSS_MAR_APR_2026,2026-03-20,2026-04-17,WEEKEND,1110,,,0,,,FMTFMT_HARAM_2PFRSS_MAR_APR_2026WEEKEND
FMT,FMT_HARAM_3P,FRSS_MAR_APR_2026,2026-03-20,2026-04-17,WEEKEND,1260,,,0,,,FMTFMT_HARAM_3PFRSS_MAR_APR_2026WEEKEND
FMT,FMT_HARAM_4P,FRSS_MAR_APR_2026,2026-03-20,2026-04-17,WEEKEND,1410,,,0,,,FMTFMT_HARAM_4PFRSS_MAR_APR_2026WEEKEND
FMT,FMT_KAABA_2P,FRSS_MAR_APR_2026,2026-03-20,2026-04-17,WEEKDAY,1400,,,0,,,FMTFMT_KAABA_2PFRSS_MAR_APR_2026WEEKDAY
FMT,FMT_KAABA_3P,FRSS_MAR_APR_2026,2026-03-20,2026-04-17,WEEKDAY,1550,,,0,,,FMTFMT_KAABA_3PFRSS_MAR_APR_2026WEEKDAY
FMT,FMT_KAABA_2P,FRSS_MAR_APR_2026,2026-03-20,2026-04-17,WEEKEND,1530,,,0,,,FMTFMT_KAABA_2PFRSS_MAR_APR_2026WEEKEND
FMT,FMT_KAABA_3P,FRSS_MAR_APR_2026,2026-03-20,2026-04-17,WEEKEND,1680,,,0,,,FMTFMT_KAABA_3PFRSS_MAR_APR_2026WEEKEND
FMT,FMT_JS_CITY_2P,FRSS_MAR_APR_2026,2026-03-20,2026-04-17,WEEKDAY,1320,,,0,,,FMTFMT_JS_CITY_2PFRSS_MAR_APR_2026WEEKDAY
FMT,FMT_JS_CITY_3P,FRSS_MAR_APR_2026,2026-03-20,2026-04-17,WEEKDAY,1470,,,0,,,FMTFMT_JS_CITY_3PFRSS_MAR_APR_2026WEEKDAY
FMT,FMT_JS_CITY_4P,FRSS_MAR_APR_2026,2026-03-20,2026-04-17,WEEKDAY,1620,,,0,,,FMTFMT_JS_CITY_4PFRSS_MAR_APR_2026WEEKDAY
FMT,FMT_JS_CITY_2P,FRSS_MAR_APR_2026,2026-03-20,2026-04-17,WEEKEND,1450,,,0,,,FMTFMT_JS_CITY_2PFRSS_MAR_APR_2026WEEKEND
FMT,FMT_JS_CITY_3P,FRSS_MAR_APR_2026,2026-03-20,2026-04-17,WEEKEND,1600,,,0,,,FMTFMT_JS_CITY_3PFRSS_MAR_APR_2026WEEKEND
FMT,FMT_JS_CITY_4P,FRSS_MAR_APR_2026,2026-03-20,2026-04-17,WEEKEND,1750,,,0,,,FMTFMT_JS_CITY_4PFRSS_MAR_APR_2026WEEKEND
FMT,FMT_JS_HARAM_2P,FRSS_MAR_APR_2026,2026-03-20,2026-04-17,WEEKDAY,1450,,,0,,,FMTFMT_JS_HARAM_2PFRSS_MAR_APR_2026WEEKDAY
FMT,FMT_JS_HARAM_3P,FRSS_MAR_APR_2026,2026-03-20,2026-04-17,WEEKDAY,1600,,,0,,,FMTFMT_JS_HARAM_3PFRSS_MAR_APR_2026WEEKDAY
FMT,FMT_JS_HARAM_4P,FRSS_MAR_APR_2026,2026-03-20,2026-04-17,WEEKDAY,1750,,,0,,,FMTFMT_JS_HARAM_4PFRSS_MAR_APR_2026WEEKDAY
FMT,FMT_JS_HARAM_2P,FRSS_MAR_APR_2026,2026-03-20,2026-04-17,WEEKEND,1580,,,0,,,FMTFMT_JS_HARAM_2PFRSS_MAR_APR_2026WEEKEND
FMT,FMT_JS_HARAM_3P,FRSS_MAR_APR_2026,2026-03-20,2026-04-17,WEEKEND,1730,,,0,,,FMTFMT_JS_HARAM_3PFRSS_MAR_APR_2026WEEKEND
FMT,FMT_JS_HARAM_4P,FRSS_MAR_APR_2026,2026-03-20,2026-04-17,WEEKEND,1880,,,0,,,FMTFMT_JS_HARAM_4PFRSS_MAR_APR_2026WEEKEND
FMT,FMT_JS_KAABA_2P,FRSS_MAR_APR_2026,2026-03-20,2026-04-17,WEEKDAY,1830,,,0,,,FMTFMT_JS_KAABA_2PFRSS_MAR_APR_2026WEEKDAY
FMT,FMT_JS_KAABA_3P,FRSS_MAR_APR_2026,2026-03-20,2026-04-17,WEEKDAY,1980,,,0,,,FMTFMT_JS_KAABA_3PFRSS_MAR_APR_2026WEEKDAY
FMT,FMT_JS_KAABA_4P,FRSS_MAR_APR_2026,2026-03-20,2026-04-17,WEEKDAY,2130,,,0,,,FMTFMT_JS_KAABA_4PFRSS_MAR_APR_2026WEEKDAY
FMT,FMT_JS_KAABA_2P,FRSS_MAR_APR_2026,2026-03-20,2026-04-17,WEEKEND,1960,,,0,,,FMTFMT_JS_KAABA_2PFRSS_MAR_APR_2026WEEKEND
FMT,FMT_JS_KAABA_3P,FRSS_MAR_APR_2026,2026-03-20,2026-04-17,WEEKEND,2110,,,0,,,FMTFMT_JS_KAABA_3PFRSS_MAR_APR_2026WEEKEND
FMT,FMT_JS_KAABA_4P,FRSS_MAR_APR_2026,2026-03-20,2026-04-17,WEEKEND,2260,,,0,,,FMTFMT_JS_KAABA_4PFRSS_MAR_APR_2026WEEKEND
FMT,FMT_GOLD_CITY_2P,FRSS_MAR_APR_2026,2026-03-20,2026-04-17,WEEKDAY,1270,,,0,,,FMTFMT_GOLD_CITY_2PFRSS_MAR_APR_2026WEEKDAY
FMT,FMT_GOLD_CITY_3P,FRSS_MAR_APR_2026,2026-03-20,2026-04-17,WEEKDAY,1520,,,0,,,FMTFMT_GOLD_CITY_3PFRSS_MAR_APR_2026WEEKDAY
FMT,FMT_GOLD_CITY_2P,FRSS_MAR_APR_2026,2026-03-20,2026-04-17,WEEKEND,1500,,,0,,,FMTFMT_GOLD_CITY_2PFRSS_MAR_APR_2026WEEKEND
FMT,FMT_GOLD_CITY_3P,FRSS_MAR_APR_2026,2026-03-20,2026-04-17,WEEKEND,1750,,,0,,,FMTFMT_GOLD_CITY_3PFRSS_MAR_APR_2026WEEKEND
FMT,FMT_CITY_2P,FRSS_APR_JUN_2026,2026-04-18,2026-06-15,WEEKDAY,690,,,0,,,FMTFMT_CITY_2PFRSS_APR_JUN_2026WEEKDAY
FMT,FMT_CITY_3P,FRSS_APR_JUN_2026,2026-04-18,2026-06-15,WEEKDAY,840,,,0,,,FMTFMT_CITY_3PFRSS_APR_JUN_2026WEEKDAY
FMT,FMT_CITY_4P,FRSS_APR_JUN_2026,2026-04-18,2026-06-15,WEEKDAY,990,,,0,,,FMTFMT_CITY_4PFRSS_APR_JUN_2026WEEKDAY
FMT,FMT_CITY_2P,FRSS_APR_JUN_2026,2026-04-18,2026-06-15,WEEKEND,690,,,0,,,FMTFMT_CITY_2PFRSS_APR_JUN_2026WEEKEND
FMT,FMT_CITY_3P,FRSS_APR_JUN_2026,2026-04-18,2026-06-15,WEEKEND,840,,,0,,,FMTFMT_CITY_3PFRSS_APR_JUN_2026WEEKEND
FMT,FMT_CITY_4P,FRSS_APR_JUN_2026,2026-04-18,2026-06-15,WEEKEND,990,,,0,,,FMTFMT_CITY_4PFRSS_APR_JUN_2026WEEKEND
FMT,FMT_HARAM_2P,FRSS_APR_JUN_2026,2026-04-18,2026-06-15,WEEKDAY,780,,,0,,,FMTFMT_HARAM_2PFRSS_APR_JUN_2026WEEKDAY
FMT,FMT_HARAM_3P,FRSS_APR_JUN_2026,2026-04-18,2026-06-15,WEEKDAY,930,,,0,,,FMTFMT_HARAM_3PFRSS_APR_JUN_2026WEEKDAY
FMT,FMT_HARAM_4P,FRSS_APR_JUN_2026,2026-04-18,2026-06-15,WEEKDAY,1080,,,0,,,FMTFMT_HARAM_4PFRSS_APR_JUN_2026WEEKDAY
FMT,FMT_HARAM_2P,FRSS_APR_JUN_2026,2026-04-18,2026-06-15,WEEKEND,780,,,0,,,FMTFMT_HARAM_2PFRSS_APR_JUN_2026WEEKEND
FMT,FMT_HARAM_3P,FRSS_APR_JUN_2026,2026-04-18,2026-06-15,WEEKEND,930,,,0,,,FMTFMT_HARAM_3PFRSS_APR_JUN_2026WEEKEND
FMT,FMT_HARAM_4P,FRSS_APR_JUN_2026,2026-04-18,2026-06-15,WEEKEND,1080,,,0,,,FMTFMT_HARAM_4PFRSS_APR_JUN_2026WEEKEND
FMT,FMT_KAABA_2P,FRSS_APR_JUN_2026,2026-04-18,2026-06-15,WEEKDAY,1160,,,0,,,FMTFMT_KAABA_2PFRSS_APR_JUN_2026WEEKDAY
FMT,FMT_KAABA_3P,FRSS_APR_JUN_2026,2026-04-18,2026-06-15,WEEKDAY,1310,,,0,,,FMTFMT_KAABA_3PFRSS_APR_JUN_2026WEEKDAY
FMT,FMT_KAABA_2P,FRSS_APR_JUN_2026,2026-04-18,2026-06-15,WEEKEND,1160,,,0,,,FMTFMT_KAABA_2PFRSS_APR_JUN_2026WEEKEND
FMT,FMT_KAABA_3P,FRSS_APR_JUN_2026,2026-04-18,2026-06-15,WEEKEND,1310,,,0,,,FMTFMT_KAABA_3PFRSS_APR_JUN_2026WEEKEND
FMT,FMT_JS_CITY_2P,FRSS_APR_JUN_2026,2026-04-18,2026-06-15,WEEKDAY,1080,,,0,,,FMTFMT_JS_CITY_2PFRSS_APR_JUN_2026WEEKDAY
FMT,FMT_JS_CITY_3P,FRSS_APR_JUN_2026,2026-04-18,2026-06-15,WEEKDAY,1230,,,0,,,FMTFMT_JS_CITY_3PFRSS_APR_JUN_2026WEEKDAY
FMT,FMT_JS_CITY_4P,FRSS_APR_JUN_2026,2026-04-18,2026-06-15,WEEKDAY,1380,,,0,,,FMTFMT_JS_CITY_4PFRSS_APR_JUN_2026WEEKDAY
FMT,FMT_JS_CITY_2P,FRSS_APR_JUN_2026,2026-04-18,2026-06-15,WEEKEND,1080,,,0,,,FMTFMT_JS_CITY_2PFRSS_APR_JUN_2026WEEKEND
FMT,FMT_JS_CITY_3P,FRSS_APR_JUN_2026,2026-04-18,2026-06-15,WEEKEND,1230,,,0,,,FMTFMT_JS_CITY_3PFRSS_APR_JUN_2026WEEKEND
FMT,FMT_JS_CITY_4P,FRSS_APR_JUN_2026,2026-04-18,2026-06-15,WEEKEND,1380,,,0,,,FMTFMT_JS_CITY_4PFRSS_APR_JUN_2026WEEKEND
FMT,FMT_JS_HARAM_2P,FRSS_APR_JUN_2026,2026-04-18,2026-06-15,WEEKDAY,1200,,,0,,,FMTFMT_JS_HARAM_2PFRSS_APR_JUN_2026WEEKDAY
FMT,FMT_JS_HARAM_3P,FRSS_APR_JUN_2026,2026-04-18,2026-06-15,WEEKDAY,1350,,,0,,,FMTFMT_JS_HARAM_3PFRSS_APR_JUN_2026WEEKDAY
FMT,FMT_JS_HARAM_4P,FRSS_APR_JUN_2026,2026-04-18,2026-06-15,WEEKDAY,1500,,,0,,,FMTFMT_JS_HARAM_4PFRSS_APR_JUN_2026WEEKDAY
FMT,FMT_JS_HARAM_2P,FRSS_APR_JUN_2026,2026-04-18,2026-06-15,WEEKEND,1200,,,0,,,FMTFMT_JS_HARAM_2PFRSS_APR_JUN_2026WEEKEND
FMT,FMT_JS_HARAM_3P,FRSS_APR_JUN_2026,2026-04-18,2026-06-15,WEEKEND,1350,,,0,,,FMTFMT_JS_HARAM_3PFRSS_APR_JUN_2026WEEKEND
FMT,FMT_JS_HARAM_4P,FRSS_APR_JUN_2026,2026-04-18,2026-06-15,WEEKEND,1500,,,0,,,FMTFMT_JS_HARAM_4PFRSS_APR_JUN_2026WEEKEND
FMT,FMT_JS_KAABA_2P,FRSS_APR_JUN_2026,2026-04-18,2026-06-15,WEEKDAY,1540,,,0,,,FMTFMT_JS_KAABA_2PFRSS_APR_JUN_2026WEEKDAY
FMT,FMT_JS_KAABA_3P,FRSS_APR_JUN_2026,2026-04-18,2026-06-15,WEEKDAY,1690,,,0,,,FMTFMT_JS_KAABA_3PFRSS_APR_JUN_2026WEEKDAY
FMT,FMT_JS_KAABA_4P,FRSS_APR_JUN_2026,2026-04-18,2026-06-15,WEEKDAY,1840,,,0,,,FMTFMT_JS_KAABA_4PFRSS_APR_JUN_2026WEEKDAY
FMT,FMT_JS_KAABA_2P,FRSS_APR_JUN_2026,2026-04-18,2026-06-15,WEEKEND,1540,,,0,,,FMTFMT_JS_KAABA_2PFRSS_APR_JUN_2026WEEKEND
FMT,FMT_JS_KAABA_3P,FRSS_APR_JUN_2026,2026-04-18,2026-06-15,WEEKEND,1690,,,0,,,FMTFMT_JS_KAABA_3PFRSS_APR_JUN_2026WEEKEND
FMT,FMT_JS_KAABA_4P,FRSS_APR_JUN_2026,2026-04-18,2026-06-15,WEEKEND,1840,,,0,,,FMTFMT_JS_KAABA_4PFRSS_APR_JUN_2026WEEKEND
FMT,FMT_GOLD_CITY_2P,FRSS_APR_JUN_2026,2026-04-18,2026-06-15,WEEKDAY,1050,,,0,,,FMTFMT_GOLD_CITY_2PFRSS_APR_JUN_2026WEEKDAY
FMT,FMT_GOLD_CITY_3P,FRSS_APR_JUN_2026,2026-04-18,2026-06-15,WEEKDAY,1300,,,0,,,FMTFMT_GOLD_CITY_3PFRSS_APR_JUN_2026WEEKDAY
FMT,FMT_GOLD_CITY_2P,FRSS_APR_JUN_2026,2026-04-18,2026-06-15,WEEKEND,1150,,,0,,,FMTFMT_GOLD_CITY_2PFRSS_APR_JUN_2026WEEKEND
FMT,FMT_GOLD_CITY_3P,FRSS_APR_JUN_2026,2026-04-18,2026-06-15,WEEKEND,1400,,,0,,,FMTFMT_GOLD_CITY_3PFRSS_APR_JUN_2026WEEKEND
RAF,RAF_SIG_CITY_2P,FRSS_OCT_DEC_2025,2025-10-01,2025-12-17,WEEKDAY,1610,,,0,,,RAFRAF_SIG_CITY_2PFRSS_OCT_DEC_2025WEEKDAY
RAF,RAF_SIG_CITY_3P,FRSS_OCT_DEC_2025,2025-10-01,2025-12-17,WEEKDAY,1760,,,0,,,RAFRAF_SIG_CITY_3PFRSS_OCT_DEC_2025WEEKDAY
RAF,RAF_SIG_CITY_2P,FRSS_OCT_DEC_2025,2025-10-01,2025-12-17,WEEKEND,1730,,,0,,,RAFRAF_SIG_CITY_2PFRSS_OCT_DEC_2025WEEKEND
RAF,RAF_SIG_CITY_3P,FRSS_OCT_DEC_2025,2025-10-01,2025-12-17,WEEKEND,1880,,,0,,,RAFRAF_SIG_CITY_3PFRSS_OCT_DEC_2025WEEKEND
RAF,RAF_SIG_HARAM_2P,FRSS_OCT_DEC_2025,2025-10-01,2025-12-17,WEEKDAY,1690,,,0,,,RAFRAF_SIG_HARAM_2PFRSS_OCT_DEC_2025WEEKDAY
RAF,RAF_SIG_HARAM_3P,FRSS_OCT_DEC_2025,2025-10-01,2025-12-17,WEEKDAY,1840,,,0,,,RAFRAF_SIG_HARAM_3PFRSS_OCT_DEC_2025WEEKDAY
RAF,RAF_SIG_HARAM_2P,FRSS_OCT_DEC_2025,2025-10-01,2025-12-17,WEEKEND,1860,,,0,,,RAFRAF_SIG_HARAM_2PFRSS_OCT_DEC_2025WEEKEND
RAF,RAF_SIG_HARAM_3P,FRSS_OCT_DEC_2025,2025-10-01,2025-12-17,WEEKEND,2010,,,0,,,RAFRAF_SIG_HARAM_3PFRSS_OCT_DEC_2025WEEKEND
RAF,RAF_DLX_KAABA_2P,FRSS_OCT_DEC_2025,2025-10-01,2025-12-17,WEEKDAY,1970,,,0,,,RAFRAF_DLX_KAABA_2PFRSS_OCT_DEC_2025WEEKDAY
RAF,RAF_DLX_KAABA_3P,FRSS_OCT_DEC_2025,2025-10-01,2025-12-17,WEEKDAY,2120,,,0,,,RAFRAF_DLX_KAABA_3PFRSS_OCT_DEC_2025WEEKDAY
RAF,RAF_DLX_KAABA_2P,FRSS_OCT_DEC_2025,2025-10-01,2025-12-17,WEEKEND,2120,,,0,,,RAFRAF_DLX_KAABA_2PFRSS_OCT_DEC_2025WEEKEND
RAF,RAF_DLX_KAABA_3P,FRSS_OCT_DEC_2025,2025-10-01,2025-12-17,WEEKEND,2270,,,0,,,RAFRAF_DLX_KAABA_3PFRSS_OCT_DEC_2025WEEKEND
RAF,RAF_PRES_CITY_2P,FRSS_OCT_DEC_2025,2025-10-01,2025-12-17,WEEKDAY,2380,,,0,,,RAFRAF_PRES_CITY_2PFRSS_OCT_DEC_2025WEEKDAY
RAF,RAF_PRES_CITY_3P,FRSS_OCT_DEC_2025,2025-10-01,2025-12-17,WEEKDAY,2380,,,0,,,RAFRAF_PRES_CITY_3PFRSS_OCT_DEC_2025WEEKDAY
RAF,RAF_PRES_CITY_4P,FRSS_OCT_DEC_2025,2025-10-01,2025-12-17,WEEKDAY,2380,,,0,,,RAFRAF_PRES_CITY_4PFRSS_OCT_DEC_2025WEEKDAY
RAF,RAF_PRES_CITY_2P,FRSS_OCT_DEC_2025,2025-10-01,2025-12-17,WEEKEND,2550,,,0,,,RAFRAF_PRES_CITY_2PFRSS_OCT_DEC_2025WEEKEND
RAF,RAF_PRES_CITY_3P,FRSS_OCT_DEC_2025,2025-10-01,2025-12-17,WEEKEND,2550,,,0,,,RAFRAF_PRES_CITY_3PFRSS_OCT_DEC_2025WEEKEND
RAF,RAF_PRES_CITY_4P,FRSS_OCT_DEC_2025,2025-10-01,2025-12-17,WEEKEND,2550,,,0,,,RAFRAF_PRES_CITY_4PFRSS_OCT_DEC_2025WEEKEND
RAF,RAF_PRES_HARAM_2P,FRSS_OCT_DEC_2025,2025-10-01,2025-12-17,WEEKDAY,2650,,,0,,,RAFRAF_PRES_HARAM_2PFRSS_OCT_DEC_2025WEEKDAY
RAF,RAF_PRES_HARAM_3P,FRSS_OCT_DEC_2025,2025-10-01,2025-12-17,WEEKDAY,2650,,,0,,,RAFRAF_PRES_HARAM_3PFRSS_OCT_DEC_2025WEEKDAY
RAF,RAF_PRES_HARAM_4P,FRSS_OCT_DEC_2025,2025-10-01,2025-12-17,WEEKDAY,2650,,,0,,,RAFRAF_PRES_HARAM_4PFRSS_OCT_DEC_2025WEEKDAY
RAF,RAF_PRES_HARAM_2P,FRSS_OCT_DEC_2025,2025-10-01,2025-12-17,WEEKEND,2820,,,0,,,RAFRAF_PRES_HARAM_2PFRSS_OCT_DEC_2025WEEKEND
RAF,RAF_PRES_HARAM_3P,FRSS_OCT_DEC_2025,2025-10-01,2025-12-17,WEEKEND,2820,,,0,,,RAFRAF_PRES_HARAM_3PFRSS_OCT_DEC_2025WEEKEND
RAF,RAF_PRES_HARAM_4P,FRSS_OCT_DEC_2025,2025-10-01,2025-12-17,WEEKEND,2820,,,0,,,RAFRAF_PRES_HARAM_4PFRSS_OCT_DEC_2025WEEKEND
RAF,RAF_ROYAL_2P,FRSS_OCT_DEC_2025,2025-10-01,2025-12-17,WEEKDAY,5640,,,0,,,RAFRAF_ROYAL_2PFRSS_OCT_DEC_2025WEEKDAY
RAF,RAF_ROYAL_3P,FRSS_OCT_DEC_2025,2025-10-01,2025-12-17,WEEKDAY,5640,,,0,,,RAFRAF_ROYAL_3PFRSS_OCT_DEC_2025WEEKDAY
RAF,RAF_ROYAL_4P,FRSS_OCT_DEC_2025,2025-10-01,2025-12-17,WEEKDAY,5640,,,0,,,RAFRAF_ROYAL_4PFRSS_OCT_DEC_2025WEEKDAY
RAF,RAF_ROYAL_2P,FRSS_OCT_DEC_2025,2025-10-01,2025-12-17,WEEKEND,5810,,,0,,,RAFRAF_ROYAL_2PFRSS_OCT_DEC_2025WEEKEND
RAF,RAF_ROYAL_3P,FRSS_OCT_DEC_2025,2025-10-01,2025-12-17,WEEKEND,5810,,,0,,,RAFRAF_ROYAL_3PFRSS_OCT_DEC_2025WEEKEND
RAF,RAF_ROYAL_4P,FRSS_OCT_DEC_2025,2025-10-01,2025-12-17,WEEKEND,5810,,,0,,,RAFRAF_ROYAL_4PFRSS_OCT_DEC_2025WEEKEND
RAF,RAF_SIG_CITY_2P,FRSS_DEC_JAN_2026,2025-12-18,2026-01-09,WEEKDAY,2330,,,0,,,RAFRAF_SIG_CITY_2PFRSS_DEC_JAN_2026WEEKDAY
RAF,RAF_SIG_CITY_3P,FRSS_DEC_JAN_2026,2025-12-18,2026-01-09,WEEKDAY,2480,,,0,,,RAFRAF_SIG_CITY_3PFRSS_DEC_JAN_2026WEEKDAY
RAF,RAF_SIG_CITY_2P,FRSS_DEC_JAN_2026,2025-12-18,2026-01-09,WEEKEND,2460,,,0,,,RAFRAF_SIG_CITY_2PFRSS_DEC_JAN_2026WEEKEND
RAF,RAF_SIG_CITY_3P,FRSS_DEC_JAN_2026,2025-12-18,2026-01-09,WEEKEND,2610,,,0,,,RAFRAF_SIG_CITY_3PFRSS_DEC_JAN_2026WEEKEND
RAF,RAF_SIG_HARAM_2P,FRSS_DEC_JAN_2026,2025-12-18,2026-01-09,WEEKDAY,2670,,,0,,,RAFRAF_SIG_HARAM_2PFRSS_DEC_JAN_2026WEEKDAY
RAF,RAF_SIG_HARAM_3P,FRSS_DEC_JAN_2026,2025-12-18,2026-01-09,WEEKDAY,2820,,,0,,,RAFRAF_SIG_HARAM_3PFRSS_DEC_JAN_2026WEEKDAY
RAF,RAF_SIG_HARAM_2P,FRSS_DEC_JAN_2026,2025-12-18,2026-01-09,WEEKEND,2670,,,0,,,RAFRAF_SIG_HARAM_2PFRSS_DEC_JAN_2026WEEKEND
RAF,RAF_SIG_HARAM_3P,FRSS_DEC_JAN_2026,2025-12-18,2026-01-09,WEEKEND,2820,,,0,,,RAFRAF_SIG_HARAM_3PFRSS_DEC_JAN_2026WEEKEND
RAF,RAF_DLX_KAABA_2P,FRSS_DEC_JAN_2026,2025-12-18,2026-01-09,WEEKDAY,3260,,,0,,,RAFRAF_DLX_KAABA_2PFRSS_DEC_JAN_2026WEEKDAY
RAF,RAF_DLX_KAABA_3P,FRSS_DEC_JAN_2026,2025-12-18,2026-01-09,WEEKDAY,3410,,,0,,,RAFRAF_DLX_KAABA_3PFRSS_DEC_JAN_2026WEEKDAY
RAF,RAF_DLX_KAABA_2P,FRSS_DEC_JAN_2026,2025-12-18,2026-01-09,WEEKEND,3260,,,0,,,RAFRAF_DLX_KAABA_2PFRSS_DEC_JAN_2026WEEKEND
RAF,RAF_DLX_KAABA_3P,FRSS_DEC_JAN_2026,2025-12-18,2026-01-09,WEEKEND,3410,,,0,,,RAFRAF_DLX_KAABA_3PFRSS_DEC_JAN_2026WEEKEND
RAF,RAF_PRES_CITY_2P,FRSS_DEC_JAN_2026,2025-12-18,2026-01-09,WEEKDAY,3860,,,0,,,RAFRAF_PRES_CITY_2PFRSS_DEC_JAN_2026WEEKDAY
RAF,RAF_PRES_CITY_3P,FRSS_DEC_JAN_2026,2025-12-18,2026-01-09,WEEKDAY,3860,,,0,,,RAFRAF_PRES_CITY_3PFRSS_DEC_JAN_2026WEEKDAY
RAF,RAF_PRES_CITY_4P,FRSS_DEC_JAN_2026,2025-12-18,2026-01-09,WEEKDAY,3860,,,0,,,RAFRAF_PRES_CITY_4PFRSS_DEC_JAN_2026WEEKDAY
RAF,RAF_PRES_CITY_2P,FRSS_DEC_JAN_2026,2025-12-18,2026-01-09,WEEKEND,3990,,,0,,,RAFRAF_PRES_CITY_2PFRSS_DEC_JAN_2026WEEKEND
RAF,RAF_PRES_CITY_3P,FRSS_DEC_JAN_2026,2025-12-18,2026-01-09,WEEKEND,3990,,,0,,,RAFRAF_PRES_CITY_3PFRSS_DEC_JAN_2026WEEKEND
RAF,RAF_PRES_CITY_4P,FRSS_DEC_JAN_2026,2025-12-18,2026-01-09,WEEKEND,3990,,,0,,,RAFRAF_PRES_CITY_4PFRSS_DEC_JAN_2026WEEKEND
RAF,RAF_PRES_HARAM_2P,FRSS_DEC_JAN_2026,2025-12-18,2026-01-09,WEEKDAY,4040,,,0,,,RAFRAF_PRES_HARAM_2PFRSS_DEC_JAN_2026WEEKDAY
RAF,RAF_PRES_HARAM_3P,FRSS_DEC_JAN_2026,2025-12-18,2026-01-09,WEEKDAY,4040,,,0,,,RAFRAF_PRES_HARAM_3PFRSS_DEC_JAN_2026WEEKDAY
RAF,RAF_PRES_HARAM_4P,FRSS_DEC_JAN_2026,2025-12-18,2026-01-09,WEEKDAY,4040,,,0,,,RAFRAF_PRES_HARAM_4PFRSS_DEC_JAN_2026WEEKDAY
RAF,RAF_PRES_HARAM_2P,FRSS_DEC_JAN_2026,2025-12-18,2026-01-09,WEEKEND,4070,,,0,,,RAFRAF_PRES_HARAM_2PFRSS_DEC_JAN_2026WEEKEND
RAF,RAF_PRES_HARAM_3P,FRSS_DEC_JAN_2026,2025-12-18,2026-01-09,WEEKEND,4070,,,0,,,RAFRAF_PRES_HARAM_3PFRSS_DEC_JAN_2026WEEKEND
RAF,RAF_PRES_HARAM_4P,FRSS_DEC_JAN_2026,2025-12-18,2026-01-09,WEEKEND,4070,,,0,,,RAFRAF_PRES_HARAM_4PFRSS_DEC_JAN_2026WEEKEND
RAF,RAF_ROYAL_2P,FRSS_DEC_JAN_2026,2025-12-18,2026-01-09,WEEKDAY,6370,,,0,,,RAFRAF_ROYAL_2PFRSS_DEC_JAN_2026WEEKDAY
RAF,RAF_ROYAL_3P,FRSS_DEC_JAN_2026,2025-12-18,2026-01-09,WEEKDAY,6370,,,0,,,RAFRAF_ROYAL_3PFRSS_DEC_JAN_2026WEEKDAY
RAF,RAF_ROYAL_4P,FRSS_DEC_JAN_2026,2025-12-18,2026-01-09,WEEKDAY,6370,,,0,,,RAFRAF_ROYAL_4PFRSS_DEC_JAN_2026WEEKDAY
RAF,RAF_ROYAL_2P,FRSS_DEC_JAN_2026,2025-12-18,2026-01-09,WEEKEND,6410,,,0,,,RAFRAF_ROYAL_2PFRSS_DEC_JAN_2026WEEKEND
RAF,RAF_ROYAL_3P,FRSS_DEC_JAN_2026,2025-12-18,2026-01-09,WEEKEND,6410,,,0,,,RAFRAF_ROYAL_3PFRSS_DEC_JAN_2026WEEKEND
RAF,RAF_ROYAL_4P,FRSS_DEC_JAN_2026,2025-12-18,2026-01-09,WEEKEND,6410,,,0,,,RAFRAF_ROYAL_4PFRSS_DEC_JAN_2026WEEKEND
RAF,RAF_SIG_CITY_2P,FRSS_JAN_FEB_2026,2026-01-10,2026-02-16,WEEKDAY,1610,,,0,,,RAFRAF_SIG_CITY_2PFRSS_JAN_FEB_2026WEEKDAY
RAF,RAF_SIG_CITY_3P,FRSS_JAN_FEB_2026,2026-01-10,2026-02-16,WEEKDAY,1760,,,0,,,RAFRAF_SIG_CITY_3PFRSS_JAN_FEB_2026WEEKDAY
RAF,RAF_SIG_CITY_2P,FRSS_JAN_FEB_2026,2026-01-10,2026-02-16,WEEKEND,1730,,,0,,,RAFRAF_SIG_CITY_2PFRSS_JAN_FEB_2026WEEKEND
RAF,RAF_SIG_CITY_3P,FRSS_JAN_FEB_2026,2026-01-10,2026-02-16,WEEKEND,1880,,,0,,,RAFRAF_SIG_CITY_3PFRSS_JAN_FEB_2026WEEKEND
RAF,RAF_SIG_HARAM_2P,FRSS_JAN_FEB_2026,2026-01-10,2026-02-16,WEEKDAY,1720,,,0,,,RAFRAF_SIG_HARAM_2PFRSS_JAN_FEB_2026WEEKDAY
RAF,RAF_SIG_HARAM_3P,FRSS_JAN_FEB_2026,2026-01-10,2026-02-16,WEEKDAY,1870,,,0,,,RAFRAF_SIG_HARAM_3PFRSS_JAN_FEB_2026WEEKDAY
RAF,RAF_SIG_HARAM_2P,FRSS_JAN_FEB_2026,2026-01-10,2026-02-16,WEEKEND,1860,,,0,,,RAFRAF_SIG_HARAM_2PFRSS_JAN_FEB_2026WEEKEND
RAF,RAF_SIG_HARAM_3P,FRSS_JAN_FEB_2026,2026-01-10,2026-02-16,WEEKEND,2010,,,0,,,RAFRAF_SIG_HARAM_3PFRSS_JAN_FEB_2026WEEKEND
RAF,RAF_DLX_KAABA_2P,FRSS_JAN_FEB_2026,2026-01-10,2026-02-16,WEEKDAY,2000,,,0,,,RAFRAF_DLX_KAABA_2PFRSS_JAN_FEB_2026WEEKDAY
RAF,RAF_DLX_KAABA_3P,FRSS_JAN_FEB_2026,2026-01-10,2026-02-16,WEEKDAY,2150,,,0,,,RAFRAF_DLX_KAABA_3PFRSS_JAN_FEB_2026WEEKDAY
RAF,RAF_DLX_KAABA_2P,FRSS_JAN_FEB_2026,2026-01-10,2026-02-16,WEEKEND,2120,,,0,,,RAFRAF_DLX_KAABA_2PFRSS_JAN_FEB_2026WEEKEND
RAF,RAF_DLX_KAABA_3P,FRSS_JAN_FEB_2026,2026-01-10,2026-02-16,WEEKEND,2270,,,0,,,RAFRAF_DLX_KAABA_3PFRSS_JAN_FEB_2026WEEKEND
RAF,RAF_PRES_CITY_2P,FRSS_JAN_FEB_2026,2026-01-10,2026-02-16,WEEKDAY,2380,,,0,,,RAFRAF_PRES_CITY_2PFRSS_JAN_FEB_2026WEEKDAY
RAF,RAF_PRES_CITY_3P,FRSS_JAN_FEB_2026,2026-01-10,2026-02-16,WEEKDAY,2380,,,0,,,RAFRAF_PRES_CITY_3PFRSS_JAN_FEB_2026WEEKDAY
RAF,RAF_PRES_CITY_4P,FRSS_JAN_FEB_2026,2026-01-10,2026-02-16,WEEKDAY,2380,,,0,,,RAFRAF_PRES_CITY_4PFRSS_JAN_FEB_2026WEEKDAY
RAF,RAF_PRES_CITY_2P,FRSS_JAN_FEB_2026,2026-01-10,2026-02-16,WEEKEND,2550,,,0,,,RAFRAF_PRES_CITY_2PFRSS_JAN_FEB_2026WEEKEND
RAF,RAF_PRES_CITY_3P,FRSS_JAN_FEB_2026,2026-01-10,2026-02-16,WEEKEND,2550,,,0,,,RAFRAF_PRES_CITY_3PFRSS_JAN_FEB_2026WEEKEND
RAF,RAF_PRES_CITY_4P,FRSS_JAN_FEB_2026,2026-01-10,2026-02-16,WEEKEND,2550,,,0,,,RAFRAF_PRES_CITY_4PFRSS_JAN_FEB_2026WEEKEND
RAF,RAF_PRES_HARAM_2P,FRSS_JAN_FEB_2026,2026-01-10,2026-02-16,WEEKDAY,2650,,,0,,,RAFRAF_PRES_HARAM_2PFRSS_JAN_FEB_2026WEEKDAY
RAF,RAF_PRES_HARAM_3P,FRSS_JAN_FEB_2026,2026-01-10,2026-02-16,WEEKDAY,2650,,,0,,,RAFRAF_PRES_HARAM_3PFRSS_JAN_FEB_2026WEEKDAY
RAF,RAF_PRES_HARAM_4P,FRSS_JAN_FEB_2026,2026-01-10,2026-02-16,WEEKDAY,2650,,,0,,,RAFRAF_PRES_HARAM_4PFRSS_JAN_FEB_2026WEEKDAY
RAF,RAF_PRES_HARAM_2P,FRSS_JAN_FEB_2026,2026-01-10,2026-02-16,WEEKEND,2820,,,0,,,RAFRAF_PRES_HARAM_2PFRSS_JAN_FEB_2026WEEKEND
RAF,RAF_PRES_HARAM_3P,FRSS_JAN_FEB_2026,2026-01-10,2026-02-16,WEEKEND,2820,,,0,,,RAFRAF_PRES_HARAM_3PFRSS_JAN_FEB_2026WEEKEND
RAF,RAF_PRES_HARAM_4P,FRSS_JAN_FEB_2026,2026-01-10,2026-02-16,WEEKEND,2820,,,0,,,RAFRAF_PRES_HARAM_4PFRSS_JAN_FEB_2026WEEKEND
RAF,RAF_ROYAL_2P,FRSS_JAN_FEB_2026,2026-01-10,2026-02-16,WEEKDAY,5640,,,0,,,RAFRAF_ROYAL_2PFRSS_JAN_FEB_2026WEEKDAY
RAF,RAF_ROYAL_3P,FRSS_JAN_FEB_2026,2026-01-10,2026-02-16,WEEKDAY,5640,,,0,,,RAFRAF_ROYAL_3PFRSS_JAN_FEB_2026WEEKDAY
RAF,RAF_ROYAL_4P,FRSS_JAN_FEB_2026,2026-01-10,2026-02-16,WEEKDAY,5640,,,0,,,RAFRAF_ROYAL_4PFRSS_JAN_FEB_2026WEEKDAY
RAF,RAF_ROYAL_2P,FRSS_JAN_FEB_2026,2026-01-10,2026-02-16,WEEKEND,5810,,,0,,,RAFRAF_ROYAL_2PFRSS_JAN_FEB_2026WEEKEND
RAF,RAF_ROYAL_3P,FRSS_JAN_FEB_2026,2026-01-10,2026-02-16,WEEKEND,5810,,,0,,,RAFRAF_ROYAL_3PFRSS_JAN_FEB_2026WEEKEND
RAF,RAF_ROYAL_4P,FRSS_JAN_FEB_2026,2026-01-10,2026-02-16,WEEKEND,5810,,,0,,,RAFRAF_ROYAL_4PFRSS_JAN_FEB_2026WEEKEND
RAF,RAF_SIG_CITY_2P,FRSS_MAR_APR_2026,2026-03-20,2026-04-17,WEEKDAY,1390,,,0,,,RAFRAF_SIG_CITY_2PFRSS_MAR_APR_2026WEEKDAY
RAF,RAF_SIG_CITY_3P,FRSS_MAR_APR_2026,2026-03-20,2026-04-17,WEEKDAY,1540,,,0,,,RAFRAF_SIG_CITY_3PFRSS_MAR_APR_2026WEEKDAY
RAF,RAF_SIG_CITY_2P,FRSS_MAR_APR_2026,2026-03-20,2026-04-17,WEEKEND,1520,,,0,,,RAFRAF_SIG_CITY_2PFRSS_MAR_APR_2026WEEKEND
RAF,RAF_SIG_CITY_3P,FRSS_MAR_APR_2026,2026-03-20,2026-04-17,WEEKEND,1670,,,0,,,RAFRAF_SIG_CITY_3PFRSS_MAR_APR_2026WEEKEND
RAF,RAF_SIG_HARAM_2P,FRSS_MAR_APR_2026,2026-03-20,2026-04-17,WEEKDAY,1520,,,0,,,RAFRAF_SIG_HARAM_2PFRSS_MAR_APR_2026WEEKDAY
RAF,RAF_SIG_HARAM_3P,FRSS_MAR_APR_2026,2026-03-20,2026-04-17,WEEKDAY,1670,,,0,,,RAFRAF_SIG_HARAM_3PFRSS_MAR_APR_2026WEEKDAY
RAF,RAF_SIG_HARAM_2P,FRSS_MAR_APR_2026,2026-03-20,2026-04-17,WEEKEND,1630,,,0,,,RAFRAF_SIG_HARAM_2PFRSS_MAR_APR_2026WEEKEND
RAF,RAF_SIG_HARAM_3P,FRSS_MAR_APR_2026,2026-03-20,2026-04-17,WEEKEND,1780,,,0,,,RAFRAF_SIG_HARAM_3PFRSS_MAR_APR_2026WEEKEND
RAF,RAF_DLX_KAABA_2P,FRSS_MAR_APR_2026,2026-03-20,2026-04-17,WEEKDAY,1710,,,0,,,RAFRAF_DLX_KAABA_2PFRSS_MAR_APR_2026WEEKDAY
RAF,RAF_DLX_KAABA_3P,FRSS_MAR_APR_2026,2026-03-20,2026-04-17,WEEKDAY,1860,,,0,,,RAFRAF_DLX_KAABA_3PFRSS_MAR_APR_2026WEEKDAY
RAF,RAF_DLX_KAABA_2P,FRSS_MAR_APR_2026,2026-03-20,2026-04-17,WEEKEND,1820,,,0,,,RAFRAF_DLX_KAABA_2PFRSS_MAR_APR_2026WEEKEND
RAF,RAF_DLX_KAABA_3P,FRSS_MAR_APR_2026,2026-03-20,2026-04-17,WEEKEND,1970,,,0,,,RAFRAF_DLX_KAABA_3PFRSS_MAR_APR_2026WEEKEND
RAF,RAF_PRES_CITY_2P,FRSS_MAR_APR_2026,2026-03-20,2026-04-17,WEEKDAY,2170,,,0,,,RAFRAF_PRES_CITY_2PFRSS_MAR_APR_2026WEEKDAY
RAF,RAF_PRES_CITY_3P,FRSS_MAR_APR_2026,2026-03-20,2026-04-17,WEEKDAY,2170,,,0,,,RAFRAF_PRES_CITY_3PFRSS_MAR_APR_2026WEEKDAY
RAF,RAF_PRES_CITY_4P,FRSS_MAR_APR_2026,2026-03-20,2026-04-17,WEEKDAY,2170,,,0,,,RAFRAF_PRES_CITY_4PFRSS_MAR_APR_2026WEEKDAY
RAF,RAF_PRES_CITY_2P,FRSS_MAR_APR_2026,2026-03-20,2026-04-17,WEEKEND,2300,,,0,,,RAFRAF_PRES_CITY_2PFRSS_MAR_APR_2026WEEKEND
RAF,RAF_PRES_CITY_3P,FRSS_MAR_APR_2026,2026-03-20,2026-04-17,WEEKEND,2300,,,0,,,RAFRAF_PRES_CITY_3PFRSS_MAR_APR_2026WEEKEND
RAF,RAF_PRES_CITY_4P,FRSS_MAR_APR_2026,2026-03-20,2026-04-17,WEEKEND,2300,,,0,,,RAFRAF_PRES_CITY_4PFRSS_MAR_APR_2026WEEKEND
RAF,RAF_PRES_HARAM_2P,FRSS_MAR_APR_2026,2026-03-20,2026-04-17,WEEKDAY,2350,,,0,,,RAFRAF_PRES_HARAM_2PFRSS_MAR_APR_2026WEEKDAY
RAF,RAF_PRES_HARAM_3P,FRSS_MAR_APR_2026,2026-03-20,2026-04-17,WEEKDAY,2350,,,0,,,RAFRAF_PRES_HARAM_3PFRSS_MAR_APR_2026WEEKDAY
RAF,RAF_PRES_HARAM_4P,FRSS_MAR_APR_2026,2026-03-20,2026-04-17,WEEKDAY,2350,,,0,,,RAFRAF_PRES_HARAM_4PFRSS_MAR_APR_2026WEEKDAY
RAF,RAF_PRES_HARAM_2P,FRSS_MAR_APR_2026,2026-03-20,2026-04-17,WEEKEND,2440,,,0,,,RAFRAF_PRES_HARAM_2PFRSS_MAR_APR_2026WEEKEND
RAF,RAF_PRES_HARAM_3P,FRSS_MAR_APR_2026,2026-03-20,2026-04-17,WEEKEND,2440,,,0,,,RAFRAF_PRES_HARAM_3PFRSS_MAR_APR_2026WEEKEND
RAF,RAF_PRES_HARAM_4P,FRSS_MAR_APR_2026,2026-03-20,2026-04-17,WEEKEND,2440,,,0,,,RAFRAF_PRES_HARAM_4PFRSS_MAR_APR_2026WEEKEND
RAF,RAF_ROYAL_2P,FRSS_MAR_APR_2026,2026-03-20,2026-04-17,WEEKDAY,5260,,,0,,,RAFRAF_ROYAL_2PFRSS_MAR_APR_2026WEEKDAY
RAF,RAF_ROYAL_3P,FRSS_MAR_APR_2026,2026-03-20,2026-04-17,WEEKDAY,5260,,,0,,,RAFRAF_ROYAL_3PFRSS_MAR_APR_2026WEEKDAY
RAF,RAF_ROYAL_4P,FRSS_MAR_APR_2026,2026-03-20,2026-04-17,WEEKDAY,5260,,,0,,,RAFRAF_ROYAL_4PFRSS_MAR_APR_2026WEEKDAY
RAF,RAF_ROYAL_2P,FRSS_MAR_APR_2026,2026-03-20,2026-04-17,WEEKEND,5550,,,0,,,RAFRAF_ROYAL_2PFRSS_MAR_APR_2026WEEKEND
RAF,RAF_ROYAL_3P,FRSS_MAR_APR_2026,2026-03-20,2026-04-17,WEEKEND,5550,,,0,,,RAFRAF_ROYAL_3PFRSS_MAR_APR_2026WEEKEND
RAF,RAF_ROYAL_4P,FRSS_MAR_APR_2026,2026-03-20,2026-04-17,WEEKEND,5550,,,0,,,RAFRAF_ROYAL_4PFRSS_MAR_APR_2026WEEKEND
RAF,RAF_SIG_CITY_2P,FRSS_APR_JUN_2026,2026-04-18,2026-06-15,WEEKDAY,1290,,,0,,,RAFRAF_SIG_CITY_2PFRSS_APR_JUN_2026WEEKDAY
RAF,RAF_SIG_CITY_3P,FRSS_APR_JUN_2026,2026-04-18,2026-06-15,WEEKDAY,1440,,,0,,,RAFRAF_SIG_CITY_3PFRSS_APR_JUN_2026WEEKDAY
RAF,RAF_SIG_CITY_2P,FRSS_APR_JUN_2026,2026-04-18,2026-06-15,WEEKEND,1370,,,0,,,RAFRAF_SIG_CITY_2PFRSS_APR_JUN_2026WEEKEND
RAF,RAF_SIG_CITY_3P,FRSS_APR_JUN_2026,2026-04-18,2026-06-15,WEEKEND,1520,,,0,,,RAFRAF_SIG_CITY_3PFRSS_APR_JUN_2026WEEKEND
RAF,RAF_SIG_HARAM_2P,FRSS_APR_JUN_2026,2026-04-18,2026-06-15,WEEKDAY,1390,,,0,,,RAFRAF_SIG_HARAM_2PFRSS_APR_JUN_2026WEEKDAY
RAF,RAF_SIG_HARAM_3P,FRSS_APR_JUN_2026,2026-04-18,2026-06-15,WEEKDAY,1540,,,0,,,RAFRAF_SIG_HARAM_3PFRSS_APR_JUN_2026WEEKDAY
RAF,RAF_SIG_HARAM_2P,FRSS_APR_JUN_2026,2026-04-18,2026-06-15,WEEKEND,1460,,,0,,,RAFRAF_SIG_HARAM_2PFRSS_APR_JUN_2026WEEKEND
RAF,RAF_SIG_HARAM_3P,FRSS_APR_JUN_2026,2026-04-18,2026-06-15,WEEKEND,1610,,,0,,,RAFRAF_SIG_HARAM_3PFRSS_APR_JUN_2026WEEKEND
RAF,RAF_DLX_KAABA_2P,FRSS_APR_JUN_2026,2026-04-18,2026-06-15,WEEKDAY,1560,,,0,,,RAFRAF_DLX_KAABA_2PFRSS_APR_JUN_2026WEEKDAY
RAF,RAF_DLX_KAABA_3P,FRSS_APR_JUN_2026,2026-04-18,2026-06-15,WEEKDAY,1710,,,0,,,RAFRAF_DLX_KAABA_3PFRSS_APR_JUN_2026WEEKDAY
RAF,RAF_DLX_KAABA_2P,FRSS_APR_JUN_2026,2026-04-18,2026-06-15,WEEKEND,1710,,,0,,,RAFRAF_DLX_KAABA_2PFRSS_APR_JUN_2026WEEKEND
RAF,RAF_DLX_KAABA_3P,FRSS_APR_JUN_2026,2026-04-18,2026-06-15,WEEKEND,1860,,,0,,,RAFRAF_DLX_KAABA_3PFRSS_APR_JUN_2026WEEKEND
RAF,RAF_PRES_CITY_2P,FRSS_APR_JUN_2026,2026-04-18,2026-06-15,WEEKDAY,2050,,,0,,,RAFRAF_PRES_CITY_2PFRSS_APR_JUN_2026WEEKDAY
RAF,RAF_PRES_CITY_3P,FRSS_APR_JUN_2026,2026-04-18,2026-06-15,WEEKDAY,2050,,,0,,,RAFRAF_PRES_CITY_3PFRSS_APR_JUN_2026WEEKDAY
RAF,RAF_PRES_CITY_4P,FRSS_APR_JUN_2026,2026-04-18,2026-06-15,WEEKDAY,2050,,,0,,,RAFRAF_PRES_CITY_4PFRSS_APR_JUN_2026WEEKDAY
RAF,RAF_PRES_CITY_2P,FRSS_APR_JUN_2026,2026-04-18,2026-06-15,WEEKEND,2140,,,0,,,RAFRAF_PRES_CITY_2PFRSS_APR_JUN_2026WEEKEND
RAF,RAF_PRES_CITY_3P,FRSS_APR_JUN_2026,2026-04-18,2026-06-15,WEEKEND,2140,,,0,,,RAFRAF_PRES_CITY_3PFRSS_APR_JUN_2026WEEKEND
RAF,RAF_PRES_CITY_4P,FRSS_APR_JUN_2026,2026-04-18,2026-06-15,WEEKEND,2140,,,0,,,RAFRAF_PRES_CITY_4PFRSS_APR_JUN_2026WEEKEND
RAF,RAF_PRES_HARAM_2P,FRSS_APR_JUN_2026,2026-04-18,2026-06-15,WEEKDAY,2260,,,0,,,RAFRAF_PRES_HARAM_2PFRSS_APR_JUN_2026WEEKDAY
RAF,RAF_PRES_HARAM_3P,FRSS_APR_JUN_2026,2026-04-18,2026-06-15,WEEKDAY,2260,,,0,,,RAFRAF_PRES_HARAM_3PFRSS_APR_JUN_2026WEEKDAY
RAF,RAF_PRES_HARAM_4P,FRSS_APR_JUN_2026,2026-04-18,2026-06-15,WEEKDAY,2260,,,0,,,RAFRAF_PRES_HARAM_4PFRSS_APR_JUN_2026WEEKDAY
RAF,RAF_PRES_HARAM_2P,FRSS_APR_JUN_2026,2026-04-18,2026-06-15,WEEKEND,2350,,,0,,,RAFRAF_PRES_HARAM_2PFRSS_APR_JUN_2026WEEKEND
RAF,RAF_PRES_HARAM_3P,FRSS_APR_JUN_2026,2026-04-18,2026-06-15,WEEKEND,2350,,,0,,,RAFRAF_PRES_HARAM_3PFRSS_APR_JUN_2026WEEKEND
RAF,RAF_PRES_HARAM_4P,FRSS_APR_JUN_2026,2026-04-18,2026-06-15,WEEKEND,2350,,,0,,,RAFRAF_PRES_HARAM_4PFRSS_APR_JUN_2026WEEKEND
RAF,RAF_ROYAL_2P,FRSS_APR_JUN_2026,2026-04-18,2026-06-15,WEEKDAY,4260,,,0,,,RAFRAF_ROYAL_2PFRSS_APR_JUN_2026WEEKDAY
RAF,RAF_ROYAL_3P,FRSS_APR_JUN_2026,2026-04-18,2026-06-15,WEEKDAY,4260,,,0,,,RAFRAF_ROYAL_3PFRSS_APR_JUN_2026WEEKDAY
RAF,RAF_ROYAL_4P,FRSS_APR_JUN_2026,2026-04-18,2026-06-15,WEEKDAY,4260,,,0,,,RAFRAF_ROYAL_4PFRSS_APR_JUN_2026WEEKDAY
RAF,RAF_ROYAL_2P,FRSS_APR_JUN_2026,2026-04-18,2026-06-15,WEEKEND,4350,,,0,,,RAFRAF_ROYAL_2PFRSS_APR_JUN_2026WEEKEND
RAF,RAF_ROYAL_3P,FRSS_APR_JUN_2026,2026-04-18,2026-06-15,WEEKEND,4350,,,0,,,RAFRAF_ROYAL_3PFRSS_APR_JUN_2026WEEKEND
RAF,RAF_ROYAL_4P,FRSS_APR_JUN_2026,2026-04-18,2026-06-15,WEEKEND,4350,,,0,,,RAFRAF_ROYAL_4PFRSS_APR_JUN_2026WEEKEND
SWM,SWM_CITY_2P,FRSS_OCT_DEC_2025,2025-10-01,2025-12-17,WEEKDAY,1020,,,0,,,SWMSWM_CITY_2PFRSS_OCT_DEC_2025WEEKDAY
SWM,SWM_CITY_3P,FRSS_OCT_DEC_2025,2025-10-01,2025-12-17,WEEKDAY,1140,,,0,,,SWMSWM_CITY_3PFRSS_OCT_DEC_2025WEEKDAY
SWM,SWM_CITY_4P,FRSS_OCT_DEC_2025,2025-10-01,2025-12-17,WEEKDAY,1260,,,0,,,SWMSWM_CITY_4PFRSS_OCT_DEC_2025WEEKDAY
SWM,SWM_CITY_2P,FRSS_OCT_DEC_2025,2025-10-01,2025-12-17,WEEKEND,1150,,,0,,,SWMSWM_CITY_2PFRSS_OCT_DEC_2025WEEKEND
SWM,SWM_CITY_3P,FRSS_OCT_DEC_2025,2025-10-01,2025-12-17,WEEKEND,1270,,,0,,,SWMSWM_CITY_3PFRSS_OCT_DEC_2025WEEKEND
SWM,SWM_CITY_4P,FRSS_OCT_DEC_2025,2025-10-01,2025-12-17,WEEKEND,1390,,,0,,,SWMSWM_CITY_4PFRSS_OCT_DEC_2025WEEKEND
SWM,SWM_HARAM_2P,FRSS_OCT_DEC_2025,2025-10-01,2025-12-17,WEEKDAY,1110,,,0,,,SWMSWM_HARAM_2PFRSS_OCT_DEC_2025WEEKDAY
SWM,SWM_HARAM_3P,FRSS_OCT_DEC_2025,2025-10-01,2025-12-17,WEEKDAY,1230,,,0,,,SWMSWM_HARAM_3PFRSS_OCT_DEC_2025WEEKDAY
SWM,SWM_HARAM_4P,FRSS_OCT_DEC_2025,2025-10-01,2025-12-17,WEEKDAY,1350,,,0,,,SWMSWM_HARAM_4PFRSS_OCT_DEC_2025WEEKDAY
SWM,SWM_HARAM_2P,FRSS_OCT_DEC_2025,2025-10-01,2025-12-17,WEEKEND,1240,,,0,,,SWMSWM_HARAM_2PFRSS_OCT_DEC_2025WEEKEND
SWM,SWM_HARAM_3P,FRSS_OCT_DEC_2025,2025-10-01,2025-12-17,WEEKEND,1360,,,0,,,SWMSWM_HARAM_3PFRSS_OCT_DEC_2025WEEKEND
SWM,SWM_HARAM_4P,FRSS_OCT_DEC_2025,2025-10-01,2025-12-17,WEEKEND,1480,,,0,,,SWMSWM_HARAM_4PFRSS_OCT_DEC_2025WEEKEND
SWM,SWM_PARTIAL_KAABA_2P,FRSS_OCT_DEC_2025,2025-10-01,2025-12-17,WEEKDAY,1320,,,0,,,SWMSWM_PARTIAL_KAABA_2PFRSS_OCT_DEC_2025WEEKDAY
SWM,SWM_PARTIAL_KAABA_3P,FRSS_OCT_DEC_2025,2025-10-01,2025-12-17,WEEKDAY,1440,,,0,,,SWMSWM_PARTIAL_KAABA_3PFRSS_OCT_DEC_2025WEEKDAY
SWM,SWM_PARTIAL_KAABA_4P,FRSS_OCT_DEC_2025,2025-10-01,2025-12-17,WEEKDAY,1560,,,0,,,SWMSWM_PARTIAL_KAABA_4PFRSS_OCT_DEC_2025WEEKDAY
SWM,SWM_PARTIAL_KAABA_2P,FRSS_OCT_DEC_2025,2025-10-01,2025-12-17,WEEKEND,1450,,,0,,,SWMSWM_PARTIAL_KAABA_2PFRSS_OCT_DEC_2025WEEKEND
SWM,SWM_PARTIAL_KAABA_3P,FRSS_OCT_DEC_2025,2025-10-01,2025-12-17,WEEKEND,1570,,,0,,,SWMSWM_PARTIAL_KAABA_3PFRSS_OCT_DEC_2025WEEKEND
SWM,SWM_PARTIAL_KAABA_4P,FRSS_OCT_DEC_2025,2025-10-01,2025-12-17,WEEKEND,1690,,,0,,,SWMSWM_PARTIAL_KAABA_4PFRSS_OCT_DEC_2025WEEKEND
SWM,SWM_KAABA_PREM_2P,FRSS_OCT_DEC_2025,2025-10-01,2025-12-17,WEEKDAY,1490,,,0,,,SWMSWM_KAABA_PREM_2PFRSS_OCT_DEC_2025WEEKDAY
SWM,SWM_KAABA_PREM_3P,FRSS_OCT_DEC_2025,2025-10-01,2025-12-17,WEEKDAY,1610,,,0,,,SWMSWM_KAABA_PREM_3PFRSS_OCT_DEC_2025WEEKDAY
SWM,SWM_KAABA_PREM_2P,FRSS_OCT_DEC_2025,2025-10-01,2025-12-17,WEEKEND,1620,,,0,,,SWMSWM_KAABA_PREM_2PFRSS_OCT_DEC_2025WEEKEND
SWM,SWM_KAABA_PREM_3P,FRSS_OCT_DEC_2025,2025-10-01,2025-12-17,WEEKEND,1740,,,0,,,SWMSWM_KAABA_PREM_3PFRSS_OCT_DEC_2025WEEKEND
SWM,SWM_JS_CITY_2P,FRSS_OCT_DEC_2025,2025-10-01,2025-12-17,WEEKDAY,1660,,,0,,,SWMSWM_JS_CITY_2PFRSS_OCT_DEC_2025WEEKDAY
SWM,SWM_JS_CITY_3P,FRSS_OCT_DEC_2025,2025-10-01,2025-12-17,WEEKDAY,1780,,,0,,,SWMSWM_JS_CITY_3PFRSS_OCT_DEC_2025WEEKDAY
SWM,SWM_JS_CITY_4P,FRSS_OCT_DEC_2025,2025-10-01,2025-12-17,WEEKDAY,1900,,,0,,,SWMSWM_JS_CITY_4PFRSS_OCT_DEC_2025WEEKDAY
SWM,SWM_JS_CITY_2P,FRSS_OCT_DEC_2025,2025-10-01,2025-12-17,WEEKEND,1790,,,0,,,SWMSWM_JS_CITY_2PFRSS_OCT_DEC_2025WEEKEND
SWM,SWM_JS_CITY_3P,FRSS_OCT_DEC_2025,2025-10-01,2025-12-17,WEEKEND,1910,,,0,,,SWMSWM_JS_CITY_3PFRSS_OCT_DEC_2025WEEKEND
SWM,SWM_JS_CITY_4P,FRSS_OCT_DEC_2025,2025-10-01,2025-12-17,WEEKEND,2030,,,0,,,SWMSWM_JS_CITY_4PFRSS_OCT_DEC_2025WEEKEND
SWM,SWM_JS_HARAM_2P,FRSS_OCT_DEC_2025,2025-10-01,2025-12-17,WEEKDAY,1730,,,0,,,SWMSWM_JS_HARAM_2PFRSS_OCT_DEC_2025WEEKDAY
SWM,SWM_JS_HARAM_3P,FRSS_OCT_DEC_2025,2025-10-01,2025-12-17,WEEKDAY,1850,,,0,,,SWMSWM_JS_HARAM_3PFRSS_OCT_DEC_2025WEEKDAY
SWM,SWM_JS_HARAM_4P,FRSS_OCT_DEC_2025,2025-10-01,2025-12-17,WEEKDAY,1970,,,0,,,SWMSWM_JS_HARAM_4PFRSS_OCT_DEC_2025WEEKDAY
SWM,SWM_JS_HARAM_2P,FRSS_OCT_DEC_2025,2025-10-01,2025-12-17,WEEKEND,1860,,,0,,,SWMSWM_JS_HARAM_2PFRSS_OCT_DEC_2025WEEKEND
SWM,SWM_JS_HARAM_3P,FRSS_OCT_DEC_2025,2025-10-01,2025-12-17,WEEKEND,1980,,,0,,,SWMSWM_JS_HARAM_3PFRSS_OCT_DEC_2025WEEKEND
SWM,SWM_JS_HARAM_4P,FRSS_OCT_DEC_2025,2025-10-01,2025-12-17,WEEKEND,2100,,,0,,,SWMSWM_JS_HARAM_4PFRSS_OCT_DEC_2025WEEKEND
SWM,SWM_JS_KAABA_2P,FRSS_OCT_DEC_2025,2025-10-01,2025-12-17,WEEKDAY,1870,,,0,,,SWMSWM_JS_KAABA_2PFRSS_OCT_DEC_2025WEEKDAY
SWM,SWM_JS_KAABA_3P,FRSS_OCT_DEC_2025,2025-10-01,2025-12-17,WEEKDAY,1990,,,0,,,SWMSWM_JS_KAABA_3PFRSS_OCT_DEC_2025WEEKDAY
SWM,SWM_JS_KAABA_4P,FRSS_OCT_DEC_2025,2025-10-01,2025-12-17,WEEKDAY,2110,,,0,,,SWMSWM_JS_KAABA_4PFRSS_OCT_DEC_2025WEEKDAY
SWM,SWM_JS_KAABA_2P,FRSS_OCT_DEC_2025,2025-10-01,2025-12-17,WEEKEND,2000,,,0,,,SWMSWM_JS_KAABA_2PFRSS_OCT_DEC_2025WEEKEND
SWM,SWM_JS_KAABA_3P,FRSS_OCT_DEC_2025,2025-10-01,2025-12-17,WEEKEND,2120,,,0,,,SWMSWM_JS_KAABA_3PFRSS_OCT_DEC_2025WEEKEND
SWM,SWM_JS_KAABA_4P,FRSS_OCT_DEC_2025,2025-10-01,2025-12-17,WEEKEND,2240,,,0,,,SWMSWM_JS_KAABA_4PFRSS_OCT_DEC_2025WEEKEND
SWM,SWM_CITY_2P,FRSS_DEC_JAN_2026,2025-12-18,2026-01-09,WEEKDAY,1620,,,0,,,SWMSWM_CITY_2PFRSS_DEC_JAN_2026WEEKDAY
SWM,SWM_CITY_3P,FRSS_DEC_JAN_2026,2025-12-18,2026-01-09,WEEKDAY,1740,,,0,,,SWMSWM_CITY_3PFRSS_DEC_JAN_2026WEEKDAY
SWM,SWM_CITY_4P,FRSS_DEC_JAN_2026,2025-12-18,2026-01-09,WEEKDAY,1860,,,0,,,SWMSWM_CITY_4PFRSS_DEC_JAN_2026WEEKDAY
SWM,SWM_CITY_2P,FRSS_DEC_JAN_2026,2025-12-18,2026-01-09,WEEKEND,1750,,,0,,,SWMSWM_CITY_2PFRSS_DEC_JAN_2026WEEKEND
SWM,SWM_CITY_3P,FRSS_DEC_JAN_2026,2025-12-18,2026-01-09,WEEKEND,1870,,,0,,,SWMSWM_CITY_3PFRSS_DEC_JAN_2026WEEKEND
SWM,SWM_CITY_4P,FRSS_DEC_JAN_2026,2025-12-18,2026-01-09,WEEKEND,1990,,,0,,,SWMSWM_CITY_4PFRSS_DEC_JAN_2026WEEKEND
SWM,SWM_HARAM_2P,FRSS_DEC_JAN_2026,2025-12-18,2026-01-09,WEEKDAY,1700,,,0,,,SWMSWM_HARAM_2PFRSS_DEC_JAN_2026WEEKDAY
SWM,SWM_HARAM_3P,FRSS_DEC_JAN_2026,2025-12-18,2026-01-09,WEEKDAY,1820,,,0,,,SWMSWM_HARAM_3PFRSS_DEC_JAN_2026WEEKDAY
SWM,SWM_HARAM_4P,FRSS_DEC_JAN_2026,2025-12-18,2026-01-09,WEEKDAY,1940,,,0,,,SWMSWM_HARAM_4PFRSS_DEC_JAN_2026WEEKDAY
SWM,SWM_HARAM_2P,FRSS_DEC_JAN_2026,2025-12-18,2026-01-09,WEEKEND,1830,,,0,,,SWMSWM_HARAM_2PFRSS_DEC_JAN_2026WEEKEND
SWM,SWM_HARAM_3P,FRSS_DEC_JAN_2026,2025-12-18,2026-01-09,WEEKEND,1950,,,0,,,SWMSWM_HARAM_3PFRSS_DEC_JAN_2026WEEKEND
SWM,SWM_HARAM_4P,FRSS_DEC_JAN_2026,2025-12-18,2026-01-09,WEEKEND,2070,,,0,,,SWMSWM_HARAM_4PFRSS_DEC_JAN_2026WEEKEND
SWM,SWM_PARTIAL_KAABA_2P,FRSS_DEC_JAN_2026,2025-12-18,2026-01-09,WEEKDAY,2000,,,0,,,SWMSWM_PARTIAL_KAABA_2PFRSS_DEC_JAN_2026WEEKDAY
SWM,SWM_PARTIAL_KAABA_3P,FRSS_DEC_JAN_2026,2025-12-18,2026-01-09,WEEKDAY,2120,,,0,,,SWMSWM_PARTIAL_KAABA_3PFRSS_DEC_JAN_2026WEEKDAY
SWM,SWM_PARTIAL_KAABA_4P,FRSS_DEC_JAN_2026,2025-12-18,2026-01-09,WEEKDAY,2240,,,0,,,SWMSWM_PARTIAL_KAABA_4PFRSS_DEC_JAN_2026WEEKDAY
SWM,SWM_PARTIAL_KAABA_2P,FRSS_DEC_JAN_2026,2025-12-18,2026-01-09,WEEKEND,2130,,,0,,,SWMSWM_PARTIAL_KAABA_2PFRSS_DEC_JAN_2026WEEKEND
SWM,SWM_PARTIAL_KAABA_3P,FRSS_DEC_JAN_2026,2025-12-18,2026-01-09,WEEKEND,2250,,,0,,,SWMSWM_PARTIAL_KAABA_3PFRSS_DEC_JAN_2026WEEKEND
SWM,SWM_PARTIAL_KAABA_4P,FRSS_DEC_JAN_2026,2025-12-18,2026-01-09,WEEKEND,2370,,,0,,,SWMSWM_PARTIAL_KAABA_4PFRSS_DEC_JAN_2026WEEKEND
SWM,SWM_KAABA_PREM_2P,FRSS_DEC_JAN_2026,2025-12-18,2026-01-09,WEEKDAY,2170,,,0,,,SWMSWM_KAABA_PREM_2PFRSS_DEC_JAN_2026WEEKDAY
SWM,SWM_KAABA_PREM_3P,FRSS_DEC_JAN_2026,2025-12-18,2026-01-09,WEEKDAY,2290,,,0,,,SWMSWM_KAABA_PREM_3PFRSS_DEC_JAN_2026WEEKDAY
SWM,SWM_KAABA_PREM_2P,FRSS_DEC_JAN_2026,2025-12-18,2026-01-09,WEEKEND,2300,,,0,,,SWMSWM_KAABA_PREM_2PFRSS_DEC_JAN_2026WEEKEND
SWM,SWM_KAABA_PREM_3P,FRSS_DEC_JAN_2026,2025-12-18,2026-01-09,WEEKEND,2420,,,0,,,SWMSWM_KAABA_PREM_3PFRSS_DEC_JAN_2026WEEKEND
SWM,SWM_JS_CITY_2P,FRSS_DEC_JAN_2026,2025-12-18,2026-01-09,WEEKDAY,2260,,,0,,,SWMSWM_JS_CITY_2PFRSS_DEC_JAN_2026WEEKDAY
SWM,SWM_JS_CITY_3P,FRSS_DEC_JAN_2026,2025-12-18,2026-01-09,WEEKDAY,2380,,,0,,,SWMSWM_JS_CITY_3PFRSS_DEC_JAN_2026WEEKDAY
SWM,SWM_JS_CITY_4P,FRSS_DEC_JAN_2026,2025-12-18,2026-01-09,WEEKDAY,2500,,,0,,,SWMSWM_JS_CITY_4PFRSS_DEC_JAN_2026WEEKDAY
SWM,SWM_JS_CITY_2P,FRSS_DEC_JAN_2026,2025-12-18,2026-01-09,WEEKEND,2380,,,0,,,SWMSWM_JS_CITY_2PFRSS_DEC_JAN_2026WEEKEND
SWM,SWM_JS_CITY_3P,FRSS_DEC_JAN_2026,2025-12-18,2026-01-09,WEEKEND,2500,,,0,,,SWMSWM_JS_CITY_3PFRSS_DEC_JAN_2026WEEKEND
SWM,SWM_JS_CITY_4P,FRSS_DEC_JAN_2026,2025-12-18,2026-01-09,WEEKEND,2620,,,0,,,SWMSWM_JS_CITY_4PFRSS_DEC_JAN_2026WEEKEND
SWM,SWM_JS_HARAM_2P,FRSS_DEC_JAN_2026,2025-12-18,2026-01-09,WEEKDAY,2320,,,0,,,SWMSWM_JS_HARAM_2PFRSS_DEC_JAN_2026WEEKDAY
SWM,SWM_JS_HARAM_3P,FRSS_DEC_JAN_2026,2025-12-18,2026-01-09,WEEKDAY,2440,,,0,,,SWMSWM_JS_HARAM_3PFRSS_DEC_JAN_2026WEEKDAY
SWM,SWM_JS_HARAM_4P,FRSS_DEC_JAN_2026,2025-12-18,2026-01-09,WEEKDAY,2560,,,0,,,SWMSWM_JS_HARAM_4PFRSS_DEC_JAN_2026WEEKDAY
SWM,SWM_JS_HARAM_2P,FRSS_DEC_JAN_2026,2025-12-18,2026-01-09,WEEKEND,2450,,,0,,,SWMSWM_JS_HARAM_2PFRSS_DEC_JAN_2026WEEKEND
SWM,SWM_JS_HARAM_3P,FRSS_DEC_JAN_2026,2025-12-18,2026-01-09,WEEKEND,2570,,,0,,,SWMSWM_JS_HARAM_3PFRSS_DEC_JAN_2026WEEKEND
SWM,SWM_JS_HARAM_4P,FRSS_DEC_JAN_2026,2025-12-18,2026-01-09,WEEKEND,2690,,,0,,,SWMSWM_JS_HARAM_4PFRSS_DEC_JAN_2026WEEKEND
SWM,SWM_JS_KAABA_2P,FRSS_DEC_JAN_2026,2025-12-18,2026-01-09,WEEKDAY,2470,,,0,,,SWMSWM_JS_KAABA_2PFRSS_DEC_JAN_2026WEEKDAY
SWM,SWM_JS_KAABA_3P,FRSS_DEC_JAN_2026,2025-12-18,2026-01-09,WEEKDAY,2590,,,0,,,SWMSWM_JS_KAABA_3PFRSS_DEC_JAN_2026WEEKDAY
SWM,SWM_JS_KAABA_4P,FRSS_DEC_JAN_2026,2025-12-18,2026-01-09,WEEKDAY,2710,,,0,,,SWMSWM_JS_KAABA_4PFRSS_DEC_JAN_2026WEEKDAY
SWM,SWM_JS_KAABA_2P,FRSS_DEC_JAN_2026,2025-12-18,2026-01-09,WEEKEND,2600,,,0,,,SWMSWM_JS_KAABA_2PFRSS_DEC_JAN_2026WEEKEND
SWM,SWM_JS_KAABA_3P,FRSS_DEC_JAN_2026,2025-12-18,2026-01-09,WEEKEND,2720,,,0,,,SWMSWM_JS_KAABA_3PFRSS_DEC_JAN_2026WEEKEND
SWM,SWM_JS_KAABA_4P,FRSS_DEC_JAN_2026,2025-12-18,2026-01-09,WEEKEND,2840,,,0,,,SWMSWM_JS_KAABA_4PFRSS_DEC_JAN_2026WEEKEND
SWM,SWM_CITY_2P,FRSS_JAN_FEB_2026,2026-01-10,2026-02-16,WEEKDAY,870,,,0,,,SWMSWM_CITY_2PFRSS_JAN_FEB_2026WEEKDAY
SWM,SWM_CITY_3P,FRSS_JAN_FEB_2026,2026-01-10,2026-02-16,WEEKDAY,990,,,0,,,SWMSWM_CITY_3PFRSS_JAN_FEB_2026WEEKDAY
SWM,SWM_CITY_4P,FRSS_JAN_FEB_2026,2026-01-10,2026-02-16,WEEKDAY,1110,,,0,,,SWMSWM_CITY_4PFRSS_JAN_FEB_2026WEEKDAY
SWM,SWM_CITY_2P,FRSS_JAN_FEB_2026,2026-01-10,2026-02-16,WEEKEND,1000,,,0,,,SWMSWM_CITY_2PFRSS_JAN_FEB_2026WEEKEND
SWM,SWM_CITY_3P,FRSS_JAN_FEB_2026,2026-01-10,2026-02-16,WEEKEND,1120,,,0,,,SWMSWM_CITY_3PFRSS_JAN_FEB_2026WEEKEND
SWM,SWM_CITY_4P,FRSS_JAN_FEB_2026,2026-01-10,2026-02-16,WEEKEND,1240,,,0,,,SWMSWM_CITY_4PFRSS_JAN_FEB_2026WEEKEND
SWM,SWM_HARAM_2P,FRSS_JAN_FEB_2026,2026-01-10,2026-02-16,WEEKDAY,950,,,0,,,SWMSWM_HARAM_2PFRSS_JAN_FEB_2026WEEKDAY
SWM,SWM_HARAM_3P,FRSS_JAN_FEB_2026,2026-01-10,2026-02-16,WEEKDAY,1070,,,0,,,SWMSWM_HARAM_3PFRSS_JAN_FEB_2026WEEKDAY
SWM,SWM_HARAM_4P,FRSS_JAN_FEB_2026,2026-01-10,2026-02-16,WEEKDAY,1190,,,0,,,SWMSWM_HARAM_4PFRSS_JAN_FEB_2026WEEKDAY
SWM,SWM_HARAM_2P,FRSS_JAN_FEB_2026,2026-01-10,2026-02-16,WEEKEND,1080,,,0,,,SWMSWM_HARAM_2PFRSS_JAN_FEB_2026WEEKEND
SWM,SWM_HARAM_3P,FRSS_JAN_FEB_2026,2026-01-10,2026-02-16,WEEKEND,1200,,,0,,,SWMSWM_HARAM_3PFRSS_JAN_FEB_2026WEEKEND
SWM,SWM_HARAM_4P,FRSS_JAN_FEB_2026,2026-01-10,2026-02-16,WEEKEND,1320,,,0,,,SWMSWM_HARAM_4PFRSS_JAN_FEB_2026WEEKEND
SWM,SWM_PARTIAL_KAABA_2P,FRSS_JAN_FEB_2026,2026-01-10,2026-02-16,WEEKDAY,1170,,,0,,,SWMSWM_PARTIAL_KAABA_2PFRSS_JAN_FEB_2026WEEKDAY
SWM,SWM_PARTIAL_KAABA_3P,FRSS_JAN_FEB_2026,2026-01-10,2026-02-16,WEEKDAY,1290,,,0,,,SWMSWM_PARTIAL_KAABA_3PFRSS_JAN_FEB_2026WEEKDAY
SWM,SWM_PARTIAL_KAABA_4P,FRSS_JAN_FEB_2026,2026-01-10,2026-02-16,WEEKDAY,1410,,,0,,,SWMSWM_PARTIAL_KAABA_4PFRSS_JAN_FEB_2026WEEKDAY
SWM,SWM_PARTIAL_KAABA_2P,FRSS_JAN_FEB_2026,2026-01-10,2026-02-16,WEEKEND,1290,,,0,,,SWMSWM_PARTIAL_KAABA_2PFRSS_JAN_FEB_2026WEEKEND
SWM,SWM_PARTIAL_KAABA_3P,FRSS_JAN_FEB_2026,2026-01-10,2026-02-16,WEEKEND,1410,,,0,,,SWMSWM_PARTIAL_KAABA_3PFRSS_JAN_FEB_2026WEEKEND
SWM,SWM_PARTIAL_KAABA_4P,FRSS_JAN_FEB_2026,2026-01-10,2026-02-16,WEEKEND,1530,,,0,,,SWMSWM_PARTIAL_KAABA_4PFRSS_JAN_FEB_2026WEEKEND
SWM,SWM_KAABA_PREM_2P,FRSS_JAN_FEB_2026,2026-01-10,2026-02-16,WEEKDAY,1340,,,0,,,SWMSWM_KAABA_PREM_2PFRSS_JAN_FEB_2026WEEKDAY
SWM,SWM_KAABA_PREM_3P,FRSS_JAN_FEB_2026,2026-01-10,2026-02-16,WEEKDAY,1460,,,0,,,SWMSWM_KAABA_PREM_3PFRSS_JAN_FEB_2026WEEKDAY
SWM,SWM_KAABA_PREM_2P,FRSS_JAN_FEB_2026,2026-01-10,2026-02-16,WEEKEND,1460,,,0,,,SWMSWM_KAABA_PREM_2PFRSS_JAN_FEB_2026WEEKEND
SWM,SWM_KAABA_PREM_3P,FRSS_JAN_FEB_2026,2026-01-10,2026-02-16,WEEKEND,1580,,,0,,,SWMSWM_KAABA_PREM_3PFRSS_JAN_FEB_2026WEEKEND
SWM,SWM_JS_CITY_2P,FRSS_JAN_FEB_2026,2026-01-10,2026-02-16,WEEKDAY,1510,,,0,,,SWMSWM_JS_CITY_2PFRSS_JAN_FEB_2026WEEKDAY
SWM,SWM_JS_CITY_3P,FRSS_JAN_FEB_2026,2026-01-10,2026-02-16,WEEKDAY,1630,,,0,,,SWMSWM_JS_CITY_3PFRSS_JAN_FEB_2026WEEKDAY
SWM,SWM_JS_CITY_4P,FRSS_JAN_FEB_2026,2026-01-10,2026-02-16,WEEKDAY,1750,,,0,,,SWMSWM_JS_CITY_4PFRSS_JAN_FEB_2026WEEKDAY
SWM,SWM_JS_CITY_2P,FRSS_JAN_FEB_2026,2026-01-10,2026-02-16,WEEKEND,1630,,,0,,,SWMSWM_JS_CITY_2PFRSS_JAN_FEB_2026WEEKEND
SWM,SWM_JS_CITY_3P,FRSS_JAN_FEB_2026,2026-01-10,2026-02-16,WEEKEND,1750,,,0,,,SWMSWM_JS_CITY_3PFRSS_JAN_FEB_2026WEEKEND
SWM,SWM_JS_CITY_4P,FRSS_JAN_FEB_2026,2026-01-10,2026-02-16,WEEKEND,1870,,,0,,,SWMSWM_JS_CITY_4PFRSS_JAN_FEB_2026WEEKEND
SWM,SWM_JS_HARAM_2P,FRSS_JAN_FEB_2026,2026-01-10,2026-02-16,WEEKDAY,1580,,,0,,,SWMSWM_JS_HARAM_2PFRSS_JAN_FEB_2026WEEKDAY
SWM,SWM_JS_HARAM_3P,FRSS_JAN_FEB_2026,2026-01-10,2026-02-16,WEEKDAY,1700,,,0,,,SWMSWM_JS_HARAM_3PFRSS_JAN_FEB_2026WEEKDAY
SWM,SWM_JS_HARAM_4P,FRSS_JAN_FEB_2026,2026-01-10,2026-02-16,WEEKDAY,1820,,,0,,,SWMSWM_JS_HARAM_4PFRSS_JAN_FEB_2026WEEKDAY
SWM,SWM_JS_HARAM_2P,FRSS_JAN_FEB_2026,2026-01-10,2026-02-16,WEEKEND,1700,,,0,,,SWMSWM_JS_HARAM_2PFRSS_JAN_FEB_2026WEEKEND
SWM,SWM_JS_HARAM_3P,FRSS_JAN_FEB_2026,2026-01-10,2026-02-16,WEEKEND,1820,,,0,,,SWMSWM_JS_HARAM_3PFRSS_JAN_FEB_2026WEEKEND
SWM,SWM_JS_HARAM_4P,FRSS_JAN_FEB_2026,2026-01-10,2026-02-16,WEEKEND,1940,,,0,,,SWMSWM_JS_HARAM_4PFRSS_JAN_FEB_2026WEEKEND
SWM,SWM_JS_KAABA_2P,FRSS_JAN_FEB_2026,2026-01-10,2026-02-16,WEEKDAY,1720,,,0,,,SWMSWM_JS_KAABA_2PFRSS_JAN_FEB_2026WEEKDAY
SWM,SWM_JS_KAABA_3P,FRSS_JAN_FEB_2026,2026-01-10,2026-02-16,WEEKDAY,1840,,,0,,,SWMSWM_JS_KAABA_3PFRSS_JAN_FEB_2026WEEKDAY
SWM,SWM_JS_KAABA_4P,FRSS_JAN_FEB_2026,2026-01-10,2026-02-16,WEEKDAY,1960,,,0,,,SWMSWM_JS_KAABA_4PFRSS_JAN_FEB_2026WEEKDAY
SWM,SWM_JS_KAABA_2P,FRSS_JAN_FEB_2026,2026-01-10,2026-02-16,WEEKEND,1850,,,0,,,SWMSWM_JS_KAABA_2PFRSS_JAN_FEB_2026WEEKEND
SWM,SWM_JS_KAABA_3P,FRSS_JAN_FEB_2026,2026-01-10,2026-02-16,WEEKEND,1970,,,0,,,SWMSWM_JS_KAABA_3PFRSS_JAN_FEB_2026WEEKEND
SWM,SWM_JS_KAABA_4P,FRSS_JAN_FEB_2026,2026-01-10,2026-02-16,WEEKEND,2090,,,0,,,SWMSWM_JS_KAABA_4PFRSS_JAN_FEB_2026WEEKEND
SWM,SWM_CITY_2P,FRSS_MAR_APR_2026,2026-03-20,2026-04-17,WEEKDAY,810,,,0,,,SWMSWM_CITY_2PFRSS_MAR_APR_2026WEEKDAY
SWM,SWM_CITY_3P,FRSS_MAR_APR_2026,2026-03-20,2026-04-17,WEEKDAY,930,,,0,,,SWMSWM_CITY_3PFRSS_MAR_APR_2026WEEKDAY
SWM,SWM_CITY_4P,FRSS_MAR_APR_2026,2026-03-20,2026-04-17,WEEKDAY,1050,,,0,,,SWMSWM_CITY_4PFRSS_MAR_APR_2026WEEKDAY
SWM,SWM_CITY_2P,FRSS_MAR_APR_2026,2026-03-20,2026-04-17,WEEKEND,870,,,0,,,SWMSWM_CITY_2PFRSS_MAR_APR_2026WEEKEND
SWM,SWM_CITY_3P,FRSS_MAR_APR_2026,2026-03-20,2026-04-17,WEEKEND,990,,,0,,,SWMSWM_CITY_3PFRSS_MAR_APR_2026WEEKEND
SWM,SWM_CITY_4P,FRSS_MAR_APR_2026,2026-03-20,2026-04-17,WEEKEND,1110,,,0,,,SWMSWM_CITY_4PFRSS_MAR_APR_2026WEEKEND
SWM,SWM_HARAM_2P,FRSS_MAR_APR_2026,2026-03-20,2026-04-17,WEEKDAY,900,,,0,,,SWMSWM_HARAM_2PFRSS_MAR_APR_2026WEEKDAY
SWM,SWM_HARAM_3P,FRSS_MAR_APR_2026,2026-03-20,2026-04-17,WEEKDAY,1020,,,0,,,SWMSWM_HARAM_3PFRSS_MAR_APR_2026WEEKDAY
SWM,SWM_HARAM_4P,FRSS_MAR_APR_2026,2026-03-20,2026-04-17,WEEKDAY,1140,,,0,,,SWMSWM_HARAM_4PFRSS_MAR_APR_2026WEEKDAY
SWM,SWM_HARAM_2P,FRSS_MAR_APR_2026,2026-03-20,2026-04-17,WEEKEND,960,,,0,,,SWMSWM_HARAM_2PFRSS_MAR_APR_2026WEEKEND
SWM,SWM_HARAM_3P,FRSS_MAR_APR_2026,2026-03-20,2026-04-17,WEEKEND,1080,,,0,,,SWMSWM_HARAM_3PFRSS_MAR_APR_2026WEEKEND
SWM,SWM_HARAM_4P,FRSS_MAR_APR_2026,2026-03-20,2026-04-17,WEEKEND,1200,,,0,,,SWMSWM_HARAM_4PFRSS_MAR_APR_2026WEEKEND
SWM,SWM_PARTIAL_KAABA_2P,FRSS_MAR_APR_2026,2026-03-20,2026-04-17,WEEKDAY,1070,,,0,,,SWMSWM_PARTIAL_KAABA_2PFRSS_MAR_APR_2026WEEKDAY
SWM,SWM_PARTIAL_KAABA_3P,FRSS_MAR_APR_2026,2026-03-20,2026-04-17,WEEKDAY,1190,,,0,,,SWMSWM_PARTIAL_KAABA_3PFRSS_MAR_APR_2026WEEKDAY
SWM,SWM_PARTIAL_KAABA_4P,FRSS_MAR_APR_2026,2026-03-20,2026-04-17,WEEKDAY,1310,,,0,,,SWMSWM_PARTIAL_KAABA_4PFRSS_MAR_APR_2026WEEKDAY
SWM,SWM_PARTIAL_KAABA_2P,FRSS_MAR_APR_2026,2026-03-20,2026-04-17,WEEKEND,1130,,,0,,,SWMSWM_PARTIAL_KAABA_2PFRSS_MAR_APR_2026WEEKEND
SWM,SWM_PARTIAL_KAABA_3P,FRSS_MAR_APR_2026,2026-03-20,2026-04-17,WEEKEND,1250,,,0,,,SWMSWM_PARTIAL_KAABA_3PFRSS_MAR_APR_2026WEEKEND
SWM,SWM_PARTIAL_KAABA_4P,FRSS_MAR_APR_2026,2026-03-20,2026-04-17,WEEKEND,1370,,,0,,,SWMSWM_PARTIAL_KAABA_4PFRSS_MAR_APR_2026WEEKEND
SWM,SWM_KAABA_PREM_2P,FRSS_MAR_APR_2026,2026-03-20,2026-04-17,WEEKDAY,1240,,,0,,,SWMSWM_KAABA_PREM_2PFRSS_MAR_APR_2026WEEKDAY
SWM,SWM_KAABA_PREM_3P,FRSS_MAR_APR_2026,2026-03-20,2026-04-17,WEEKDAY,1360,,,0,,,SWMSWM_KAABA_PREM_3PFRSS_MAR_APR_2026WEEKDAY
SWM,SWM_KAABA_PREM_2P,FRSS_MAR_APR_2026,2026-03-20,2026-04-17,WEEKEND,1300,,,0,,,SWMSWM_KAABA_PREM_2PFRSS_MAR_APR_2026WEEKEND
SWM,SWM_KAABA_PREM_3P,FRSS_MAR_APR_2026,2026-03-20,2026-04-17,WEEKEND,1420,,,0,,,SWMSWM_KAABA_PREM_3PFRSS_MAR_APR_2026WEEKEND
SWM,SWM_JS_CITY_2P,FRSS_MAR_APR_2026,2026-03-20,2026-04-17,WEEKDAY,1190,,,0,,,SWMSWM_JS_CITY_2PFRSS_MAR_APR_2026WEEKDAY
SWM,SWM_JS_CITY_3P,FRSS_MAR_APR_2026,2026-03-20,2026-04-17,WEEKDAY,1310,,,0,,,SWMSWM_JS_CITY_3PFRSS_MAR_APR_2026WEEKDAY
SWM,SWM_JS_CITY_4P,FRSS_MAR_APR_2026,2026-03-20,2026-04-17,WEEKDAY,1430,,,0,,,SWMSWM_JS_CITY_4PFRSS_MAR_APR_2026WEEKDAY
SWM,SWM_JS_CITY_2P,FRSS_MAR_APR_2026,2026-03-20,2026-04-17,WEEKEND,1260,,,0,,,SWMSWM_JS_CITY_2PFRSS_MAR_APR_2026WEEKEND
SWM,SWM_JS_CITY_3P,FRSS_MAR_APR_2026,2026-03-20,2026-04-17,WEEKEND,1380,,,0,,,SWMSWM_JS_CITY_3PFRSS_MAR_APR_2026WEEKEND
SWM,SWM_JS_CITY_4P,FRSS_MAR_APR_2026,2026-03-20,2026-04-17,WEEKEND,1500,,,0,,,SWMSWM_JS_CITY_4PFRSS_MAR_APR_2026WEEKEND
SWM,SWM_JS_HARAM_2P,FRSS_MAR_APR_2026,2026-03-20,2026-04-17,WEEKDAY,1300,,,0,,,SWMSWM_JS_HARAM_2PFRSS_MAR_APR_2026WEEKDAY
SWM,SWM_JS_HARAM_3P,FRSS_MAR_APR_2026,2026-03-20,2026-04-17,WEEKDAY,1420,,,0,,,SWMSWM_JS_HARAM_3PFRSS_MAR_APR_2026WEEKDAY
SWM,SWM_JS_HARAM_4P,FRSS_MAR_APR_2026,2026-03-20,2026-04-17,WEEKDAY,1540,,,0,,,SWMSWM_JS_HARAM_4PFRSS_MAR_APR_2026WEEKDAY
SWM,SWM_JS_HARAM_2P,FRSS_MAR_APR_2026,2026-03-20,2026-04-17,WEEKEND,1370,,,0,,,SWMSWM_JS_HARAM_2PFRSS_MAR_APR_2026WEEKEND
SWM,SWM_JS_HARAM_3P,FRSS_MAR_APR_2026,2026-03-20,2026-04-17,WEEKEND,1490,,,0,,,SWMSWM_JS_HARAM_3PFRSS_MAR_APR_2026WEEKEND
SWM,SWM_JS_HARAM_4P,FRSS_MAR_APR_2026,2026-03-20,2026-04-17,WEEKEND,1610,,,0,,,SWMSWM_JS_HARAM_4PFRSS_MAR_APR_2026WEEKEND
SWM,SWM_JS_KAABA_2P,FRSS_MAR_APR_2026,2026-03-20,2026-04-17,WEEKDAY,1410,,,0,,,SWMSWM_JS_KAABA_2PFRSS_MAR_APR_2026WEEKDAY
SWM,SWM_JS_KAABA_3P,FRSS_MAR_APR_2026,2026-03-20,2026-04-17,WEEKDAY,1530,,,0,,,SWMSWM_JS_KAABA_3PFRSS_MAR_APR_2026WEEKDAY
SWM,SWM_JS_KAABA_4P,FRSS_MAR_APR_2026,2026-03-20,2026-04-17,WEEKDAY,1650,,,0,,,SWMSWM_JS_KAABA_4PFRSS_MAR_APR_2026WEEKDAY
SWM,SWM_JS_KAABA_2P,FRSS_MAR_APR_2026,2026-03-20,2026-04-17,WEEKEND,1470,,,0,,,SWMSWM_JS_KAABA_2PFRSS_MAR_APR_2026WEEKEND
SWM,SWM_JS_KAABA_3P,FRSS_MAR_APR_2026,2026-03-20,2026-04-17,WEEKEND,1590,,,0,,,SWMSWM_JS_KAABA_3PFRSS_MAR_APR_2026WEEKEND
SWM,SWM_JS_KAABA_4P,FRSS_MAR_APR_2026,2026-03-20,2026-04-17,WEEKEND,1710,,,0,,,SWMSWM_JS_KAABA_4PFRSS_MAR_APR_2026WEEKEND
SWM,SWM_CITY_2P,FRSS_APR_JUN_2026,2026-04-18,2026-06-15,WEEKDAY,610,,,0,,,SWMSWM_CITY_2PFRSS_APR_JUN_2026WEEKDAY
SWM,SWM_CITY_3P,FRSS_APR_JUN_2026,2026-04-18,2026-06-15,WEEKDAY,730,,,0,,,SWMSWM_CITY_3PFRSS_APR_JUN_2026WEEKDAY
SWM,SWM_CITY_4P,FRSS_APR_JUN_2026,2026-04-18,2026-06-15,WEEKDAY,850,,,0,,,SWMSWM_CITY_4PFRSS_APR_JUN_2026WEEKDAY
SWM,SWM_CITY_2P,FRSS_APR_JUN_2026,2026-04-18,2026-06-15,WEEKEND,650,,,0,,,SWMSWM_CITY_2PFRSS_APR_JUN_2026WEEKEND
SWM,SWM_CITY_3P,FRSS_APR_JUN_2026,2026-04-18,2026-06-15,WEEKEND,770,,,0,,,SWMSWM_CITY_3PFRSS_APR_JUN_2026WEEKEND
SWM,SWM_CITY_4P,FRSS_APR_JUN_2026,2026-04-18,2026-06-15,WEEKEND,890,,,0,,,SWMSWM_CITY_4PFRSS_APR_JUN_2026WEEKEND
SWM,SWM_HARAM_2P,FRSS_APR_JUN_2026,2026-04-18,2026-06-15,WEEKDAY,670,,,0,,,SWMSWM_HARAM_2PFRSS_APR_JUN_2026WEEKDAY
SWM,SWM_HARAM_3P,FRSS_APR_JUN_2026,2026-04-18,2026-06-15,WEEKDAY,790,,,0,,,SWMSWM_HARAM_3PFRSS_APR_JUN_2026WEEKDAY
SWM,SWM_HARAM_4P,FRSS_APR_JUN_2026,2026-04-18,2026-06-15,WEEKDAY,910,,,0,,,SWMSWM_HARAM_4PFRSS_APR_JUN_2026WEEKDAY
SWM,SWM_HARAM_2P,FRSS_APR_JUN_2026,2026-04-18,2026-06-15,WEEKEND,710,,,0,,,SWMSWM_HARAM_2PFRSS_APR_JUN_2026WEEKEND
SWM,SWM_HARAM_3P,FRSS_APR_JUN_2026,2026-04-18,2026-06-15,WEEKEND,830,,,0,,,SWMSWM_HARAM_3PFRSS_APR_JUN_2026WEEKEND
SWM,SWM_HARAM_4P,FRSS_APR_JUN_2026,2026-04-18,2026-06-15,WEEKEND,950,,,0,,,SWMSWM_HARAM_4PFRSS_APR_JUN_2026WEEKEND
SWM,SWM_PARTIAL_KAABA_2P,FRSS_APR_JUN_2026,2026-04-18,2026-06-15,WEEKDAY,780,,,0,,,SWMSWM_PARTIAL_KAABA_2PFRSS_APR_JUN_2026WEEKDAY
SWM,SWM_PARTIAL_KAABA_3P,FRSS_APR_JUN_2026,2026-04-18,2026-06-15,WEEKDAY,900,,,0,,,SWMSWM_PARTIAL_KAABA_3PFRSS_APR_JUN_2026WEEKDAY
SWM,SWM_PARTIAL_KAABA_4P,FRSS_APR_JUN_2026,2026-04-18,2026-06-15,WEEKDAY,1020,,,0,,,SWMSWM_PARTIAL_KAABA_4PFRSS_APR_JUN_2026WEEKDAY
SWM,SWM_PARTIAL_KAABA_2P,FRSS_APR_JUN_2026,2026-04-18,2026-06-15,WEEKEND,820,,,0,,,SWMSWM_PARTIAL_KAABA_2PFRSS_APR_JUN_2026WEEKEND
SWM,SWM_PARTIAL_KAABA_3P,FRSS_APR_JUN_2026,2026-04-18,2026-06-15,WEEKEND,940,,,0,,,SWMSWM_PARTIAL_KAABA_3PFRSS_APR_JUN_2026WEEKEND
SWM,SWM_PARTIAL_KAABA_4P,FRSS_APR_JUN_2026,2026-04-18,2026-06-15,WEEKEND,1060,,,0,,,SWMSWM_PARTIAL_KAABA_4PFRSS_APR_JUN_2026WEEKEND
SWM,SWM_KAABA_PREM_2P,FRSS_APR_JUN_2026,2026-04-18,2026-06-15,WEEKDAY,930,,,0,,,SWMSWM_KAABA_PREM_2PFRSS_APR_JUN_2026WEEKDAY
SWM,SWM_KAABA_PREM_3P,FRSS_APR_JUN_2026,2026-04-18,2026-06-15,WEEKDAY,1050,,,0,,,SWMSWM_KAABA_PREM_3PFRSS_APR_JUN_2026WEEKDAY
SWM,SWM_KAABA_PREM_2P,FRSS_APR_JUN_2026,2026-04-18,2026-06-15,WEEKEND,970,,,0,,,SWMSWM_KAABA_PREM_2PFRSS_APR_JUN_2026WEEKEND
SWM,SWM_KAABA_PREM_3P,FRSS_APR_JUN_2026,2026-04-18,2026-06-15,WEEKEND,1090,,,0,,,SWMSWM_KAABA_PREM_3PFRSS_APR_JUN_2026WEEKEND
SWM,SWM_JS_CITY_2P,FRSS_APR_JUN_2026,2026-04-18,2026-06-15,WEEKDAY,990,,,0,,,SWMSWM_JS_CITY_2PFRSS_APR_JUN_2026WEEKDAY
SWM,SWM_JS_CITY_3P,FRSS_APR_JUN_2026,2026-04-18,2026-06-15,WEEKDAY,1110,,,0,,,SWMSWM_JS_CITY_3PFRSS_APR_JUN_2026WEEKDAY
SWM,SWM_JS_CITY_4P,FRSS_APR_JUN_2026,2026-04-18,2026-06-15,WEEKDAY,1230,,,0,,,SWMSWM_JS_CITY_4PFRSS_APR_JUN_2026WEEKDAY
SWM,SWM_JS_CITY_2P,FRSS_APR_JUN_2026,2026-04-18,2026-06-15,WEEKEND,1030,,,0,,,SWMSWM_JS_CITY_2PFRSS_APR_JUN_2026WEEKEND
SWM,SWM_JS_CITY_3P,FRSS_APR_JUN_2026,2026-04-18,2026-06-15,WEEKEND,1150,,,0,,,SWMSWM_JS_CITY_3PFRSS_APR_JUN_2026WEEKEND
SWM,SWM_JS_CITY_4P,FRSS_APR_JUN_2026,2026-04-18,2026-06-15,WEEKEND,1270,,,0,,,SWMSWM_JS_CITY_4PFRSS_APR_JUN_2026WEEKEND
SWM,SWM_JS_HARAM_2P,FRSS_APR_JUN_2026,2026-04-18,2026-06-15,WEEKDAY,1050,,,0,,,SWMSWM_JS_HARAM_2PFRSS_APR_JUN_2026WEEKDAY
SWM,SWM_JS_HARAM_3P,FRSS_APR_JUN_2026,2026-04-18,2026-06-15,WEEKDAY,1170,,,0,,,SWMSWM_JS_HARAM_3PFRSS_APR_JUN_2026WEEKDAY
SWM,SWM_JS_HARAM_4P,FRSS_APR_JUN_2026,2026-04-18,2026-06-15,WEEKDAY,1290,,,0,,,SWMSWM_JS_HARAM_4PFRSS_APR_JUN_2026WEEKDAY
SWM,SWM_JS_HARAM_2P,FRSS_APR_JUN_2026,2026-04-18,2026-06-15,WEEKEND,1090,,,0,,,SWMSWM_JS_HARAM_2PFRSS_APR_JUN_2026WEEKEND
SWM,SWM_JS_HARAM_3P,FRSS_APR_JUN_2026,2026-04-18,2026-06-15,WEEKEND,1210,,,0,,,SWMSWM_JS_HARAM_3PFRSS_APR_JUN_2026WEEKEND
SWM,SWM_JS_HARAM_4P,FRSS_APR_JUN_2026,2026-04-18,2026-06-15,WEEKEND,1330,,,0,,,SWMSWM_JS_HARAM_4PFRSS_APR_JUN_2026WEEKEND
SWM,SWM_JS_KAABA_2P,FRSS_APR_JUN_2026,2026-04-18,2026-06-15,WEEKDAY,1180,,,0,,,SWMSWM_JS_KAABA_2PFRSS_APR_JUN_2026WEEKDAY
SWM,SWM_JS_KAABA_3P,FRSS_APR_JUN_2026,2026-04-18,2026-06-15,WEEKDAY,1300,,,0,,,SWMSWM_JS_KAABA_3PFRSS_APR_JUN_2026WEEKDAY
SWM,SWM_JS_KAABA_4P,FRSS_APR_JUN_2026,2026-04-18,2026-06-15,WEEKDAY,1420,,,0,,,SWMSWM_JS_KAABA_4PFRSS_APR_JUN_2026WEEKDAY
SWM,SWM_JS_KAABA_2P,FRSS_APR_JUN_2026,2026-04-18,2026-06-15,WEEKEND,1220,,,0,,,SWMSWM_JS_KAABA_2PFRSS_APR_JUN_2026WEEKEND
SWM,SWM_JS_KAABA_3P,FRSS_APR_JUN_2026,2026-04-18,2026-06-15,WEEKEND,1340,,,0,,,SWMSWM_JS_KAABA_3PFRSS_APR_JUN_2026WEEKEND
SWM,SWM_JS_KAABA_4P,FRSS_APR_JUN_2026,2026-04-18,2026-06-15,WEEKEND,1460,,,0,,,SWMSWM_JS_KAABA_4PFRSS_APR_JUN_2026WEEKEND
SWK,SWK_CITY_2P,FRSS_OCT_DEC_2025,2025-10-01,2025-12-17,WEEKDAY,1040,,,0,,,SWKSWK_CITY_2PFRSS_OCT_DEC_2025WEEKDAY
SWK,SWK_CITY_3P,FRSS_OCT_DEC_2025,2025-10-01,2025-12-17,WEEKDAY,1160,,,0,,,SWKSWK_CITY_3PFRSS_OCT_DEC_2025WEEKDAY
SWK,SWK_CITY_4P,FRSS_OCT_DEC_2025,2025-10-01,2025-12-17,WEEKDAY,1280,,,0,,,SWKSWK_CITY_4PFRSS_OCT_DEC_2025WEEKDAY
SWK,SWK_CITY_2P,FRSS_OCT_DEC_2025,2025-10-01,2025-12-17,WEEKEND,1170,,,0,,,SWKSWK_CITY_2PFRSS_OCT_DEC_2025WEEKEND
SWK,SWK_CITY_3P,FRSS_OCT_DEC_2025,2025-10-01,2025-12-17,WEEKEND,1290,,,0,,,SWKSWK_CITY_3PFRSS_OCT_DEC_2025WEEKEND
SWK,SWK_CITY_4P,FRSS_OCT_DEC_2025,2025-10-01,2025-12-17,WEEKEND,1410,,,0,,,SWKSWK_CITY_4PFRSS_OCT_DEC_2025WEEKEND
SWK,SWK_HARAM_2P,FRSS_OCT_DEC_2025,2025-10-01,2025-12-17,WEEKDAY,1130,,,0,,,SWKSWK_HARAM_2PFRSS_OCT_DEC_2025WEEKDAY
SWK,SWK_HARAM_3P,FRSS_OCT_DEC_2025,2025-10-01,2025-12-17,WEEKDAY,1250,,,0,,,SWKSWK_HARAM_3PFRSS_OCT_DEC_2025WEEKDAY
SWK,SWK_HARAM_4P,FRSS_OCT_DEC_2025,2025-10-01,2025-12-17,WEEKDAY,1370,,,0,,,SWKSWK_HARAM_4PFRSS_OCT_DEC_2025WEEKDAY
SWK,SWK_HARAM_2P,FRSS_OCT_DEC_2025,2025-10-01,2025-12-17,WEEKEND,1260,,,0,,,SWKSWK_HARAM_2PFRSS_OCT_DEC_2025WEEKEND
SWK,SWK_HARAM_3P,FRSS_OCT_DEC_2025,2025-10-01,2025-12-17,WEEKEND,1380,,,0,,,SWKSWK_HARAM_3PFRSS_OCT_DEC_2025WEEKEND
SWK,SWK_HARAM_4P,FRSS_OCT_DEC_2025,2025-10-01,2025-12-17,WEEKEND,1500,,,0,,,SWKSWK_HARAM_4PFRSS_OCT_DEC_2025WEEKEND
SWK,SWK_PARTIAL_KAABA_2P,FRSS_OCT_DEC_2025,2025-10-01,2025-12-17,WEEKDAY,1340,,,0,,,SWKSWK_PARTIAL_KAABA_2PFRSS_OCT_DEC_2025WEEKDAY
SWK,SWK_PARTIAL_KAABA_3P,FRSS_OCT_DEC_2025,2025-10-01,2025-12-17,WEEKDAY,1460,,,0,,,SWKSWK_PARTIAL_KAABA_3PFRSS_OCT_DEC_2025WEEKDAY
SWK,SWK_PARTIAL_KAABA_4P,FRSS_OCT_DEC_2025,2025-10-01,2025-12-17,WEEKDAY,1580,,,0,,,SWKSWK_PARTIAL_KAABA_4PFRSS_OCT_DEC_2025WEEKDAY
SWK,SWK_PARTIAL_KAABA_2P,FRSS_OCT_DEC_2025,2025-10-01,2025-12-17,WEEKEND,1460,,,0,,,SWKSWK_PARTIAL_KAABA_2PFRSS_OCT_DEC_2025WEEKEND
SWK,SWK_PARTIAL_KAABA_3P,FRSS_OCT_DEC_2025,2025-10-01,2025-12-17,WEEKEND,1580,,,0,,,SWKSWK_PARTIAL_KAABA_3PFRSS_OCT_DEC_2025WEEKEND
SWK,SWK_PARTIAL_KAABA_4P,FRSS_OCT_DEC_2025,2025-10-01,2025-12-17,WEEKEND,1700,,,0,,,SWKSWK_PARTIAL_KAABA_4PFRSS_OCT_DEC_2025WEEKEND
SWK,SWK_KAABA_PREM_2P,FRSS_OCT_DEC_2025,2025-10-01,2025-12-17,WEEKDAY,1520,,,0,,,SWKSWK_KAABA_PREM_2PFRSS_OCT_DEC_2025WEEKDAY
SWK,SWK_KAABA_PREM_3P,FRSS_OCT_DEC_2025,2025-10-01,2025-12-17,WEEKDAY,1640,,,0,,,SWKSWK_KAABA_PREM_3PFRSS_OCT_DEC_2025WEEKDAY
SWK,SWK_KAABA_PREM_2P,FRSS_OCT_DEC_2025,2025-10-01,2025-12-17,WEEKEND,1640,,,0,,,SWKSWK_KAABA_PREM_2PFRSS_OCT_DEC_2025WEEKEND
SWK,SWK_KAABA_PREM_3P,FRSS_OCT_DEC_2025,2025-10-01,2025-12-17,WEEKEND,1760,,,0,,,SWKSWK_KAABA_PREM_3PFRSS_OCT_DEC_2025WEEKEND
SWK,SWK_JS_CITY_2P,FRSS_OCT_DEC_2025,2025-10-01,2025-12-17,WEEKDAY,1680,,,0,,,SWKSWK_JS_CITY_2PFRSS_OCT_DEC_2025WEEKDAY
SWK,SWK_JS_CITY_3P,FRSS_OCT_DEC_2025,2025-10-01,2025-12-17,WEEKDAY,1800,,,0,,,SWKSWK_JS_CITY_3PFRSS_OCT_DEC_2025WEEKDAY
SWK,SWK_JS_CITY_4P,FRSS_OCT_DEC_2025,2025-10-01,2025-12-17,WEEKDAY,1920,,,0,,,SWKSWK_JS_CITY_4PFRSS_OCT_DEC_2025WEEKDAY
SWK,SWK_JS_CITY_2P,FRSS_OCT_DEC_2025,2025-10-01,2025-12-17,WEEKEND,1800,,,0,,,SWKSWK_JS_CITY_2PFRSS_OCT_DEC_2025WEEKEND
SWK,SWK_JS_CITY_3P,FRSS_OCT_DEC_2025,2025-10-01,2025-12-17,WEEKEND,1920,,,0,,,SWKSWK_JS_CITY_3PFRSS_OCT_DEC_2025WEEKEND
SWK,SWK_JS_CITY_4P,FRSS_OCT_DEC_2025,2025-10-01,2025-12-17,WEEKEND,2040,,,0,,,SWKSWK_JS_CITY_4PFRSS_OCT_DEC_2025WEEKEND
SWK,SWK_JS_HARAM_2P,FRSS_OCT_DEC_2025,2025-10-01,2025-12-17,WEEKDAY,1750,,,0,,,SWKSWK_JS_HARAM_2PFRSS_OCT_DEC_2025WEEKDAY
SWK,SWK_JS_HARAM_3P,FRSS_OCT_DEC_2025,2025-10-01,2025-12-17,WEEKDAY,1870,,,0,,,SWKSWK_JS_HARAM_3PFRSS_OCT_DEC_2025WEEKDAY
SWK,SWK_JS_HARAM_4P,FRSS_OCT_DEC_2025,2025-10-01,2025-12-17,WEEKDAY,1990,,,0,,,SWKSWK_JS_HARAM_4PFRSS_OCT_DEC_2025WEEKDAY
SWK,SWK_JS_HARAM_2P,FRSS_OCT_DEC_2025,2025-10-01,2025-12-17,WEEKEND,1870,,,0,,,SWKSWK_JS_HARAM_2PFRSS_OCT_DEC_2025WEEKEND
SWK,SWK_JS_HARAM_3P,FRSS_OCT_DEC_2025,2025-10-01,2025-12-17,WEEKEND,1990,,,0,,,SWKSWK_JS_HARAM_3PFRSS_OCT_DEC_2025WEEKEND
SWK,SWK_JS_HARAM_4P,FRSS_OCT_DEC_2025,2025-10-01,2025-12-17,WEEKEND,2110,,,0,,,SWKSWK_JS_HARAM_4PFRSS_OCT_DEC_2025WEEKEND
SWK,SWK_JS_KAABA_2P,FRSS_OCT_DEC_2025,2025-10-01,2025-12-17,WEEKDAY,1970,,,0,,,SWKSWK_JS_KAABA_2PFRSS_OCT_DEC_2025WEEKDAY
SWK,SWK_JS_KAABA_3P,FRSS_OCT_DEC_2025,2025-10-01,2025-12-17,WEEKDAY,2090,,,0,,,SWKSWK_JS_KAABA_3PFRSS_OCT_DEC_2025WEEKDAY
SWK,SWK_JS_KAABA_4P,FRSS_OCT_DEC_2025,2025-10-01,2025-12-17,WEEKDAY,2210,,,0,,,SWKSWK_JS_KAABA_4PFRSS_OCT_DEC_2025WEEKDAY
SWK,SWK_JS_KAABA_2P,FRSS_OCT_DEC_2025,2025-10-01,2025-12-17,WEEKEND,2100,,,0,,,SWKSWK_JS_KAABA_2PFRSS_OCT_DEC_2025WEEKEND
SWK,SWK_JS_KAABA_3P,FRSS_OCT_DEC_2025,2025-10-01,2025-12-17,WEEKEND,2220,,,0,,,SWKSWK_JS_KAABA_3PFRSS_OCT_DEC_2025WEEKEND
SWK,SWK_JS_KAABA_4P,FRSS_OCT_DEC_2025,2025-10-01,2025-12-17,WEEKEND,2340,,,0,,,SWKSWK_JS_KAABA_4PFRSS_OCT_DEC_2025WEEKEND
SWK,SWK_CITY_2P,FRSS_DEC_JAN_2026,2025-12-18,2026-01-09,WEEKDAY,1630,,,0,,,SWKSWK_CITY_2PFRSS_DEC_JAN_2026WEEKDAY
SWK,SWK_CITY_3P,FRSS_DEC_JAN_2026,2025-12-18,2026-01-09,WEEKDAY,1750,,,0,,,SWKSWK_CITY_3PFRSS_DEC_JAN_2026WEEKDAY
SWK,SWK_CITY_4P,FRSS_DEC_JAN_2026,2025-12-18,2026-01-09,WEEKDAY,1870,,,0,,,SWKSWK_CITY_4PFRSS_DEC_JAN_2026WEEKDAY
SWK,SWK_CITY_2P,FRSS_DEC_JAN_2026,2025-12-18,2026-01-09,WEEKEND,1760,,,0,,,SWKSWK_CITY_2PFRSS_DEC_JAN_2026WEEKEND
SWK,SWK_CITY_3P,FRSS_DEC_JAN_2026,2025-12-18,2026-01-09,WEEKEND,1880,,,0,,,SWKSWK_CITY_3PFRSS_DEC_JAN_2026WEEKEND
SWK,SWK_CITY_4P,FRSS_DEC_JAN_2026,2025-12-18,2026-01-09,WEEKEND,2000,,,0,,,SWKSWK_CITY_4PFRSS_DEC_JAN_2026WEEKEND
SWK,SWK_HARAM_2P,FRSS_DEC_JAN_2026,2025-12-18,2026-01-09,WEEKDAY,1730,,,0,,,SWKSWK_HARAM_2PFRSS_DEC_JAN_2026WEEKDAY
SWK,SWK_HARAM_3P,FRSS_DEC_JAN_2026,2025-12-18,2026-01-09,WEEKDAY,1850,,,0,,,SWKSWK_HARAM_3PFRSS_DEC_JAN_2026WEEKDAY
SWK,SWK_HARAM_4P,FRSS_DEC_JAN_2026,2025-12-18,2026-01-09,WEEKDAY,1970,,,0,,,SWKSWK_HARAM_4PFRSS_DEC_JAN_2026WEEKDAY
SWK,SWK_HARAM_2P,FRSS_DEC_JAN_2026,2025-12-18,2026-01-09,WEEKEND,1860,,,0,,,SWKSWK_HARAM_2PFRSS_DEC_JAN_2026WEEKEND
SWK,SWK_HARAM_3P,FRSS_DEC_JAN_2026,2025-12-18,2026-01-09,WEEKEND,1980,,,0,,,SWKSWK_HARAM_3PFRSS_DEC_JAN_2026WEEKEND
SWK,SWK_HARAM_4P,FRSS_DEC_JAN_2026,2025-12-18,2026-01-09,WEEKEND,2100,,,0,,,SWKSWK_HARAM_4PFRSS_DEC_JAN_2026WEEKEND
SWK,SWK_PARTIAL_KAABA_2P,FRSS_DEC_JAN_2026,2025-12-18,2026-01-09,WEEKDAY,2020,,,0,,,SWKSWK_PARTIAL_KAABA_2PFRSS_DEC_JAN_2026WEEKDAY
SWK,SWK_PARTIAL_KAABA_3P,FRSS_DEC_JAN_2026,2025-12-18,2026-01-09,WEEKDAY,2140,,,0,,,SWKSWK_PARTIAL_KAABA_3PFRSS_DEC_JAN_2026WEEKDAY
SWK,SWK_PARTIAL_KAABA_4P,FRSS_DEC_JAN_2026,2025-12-18,2026-01-09,WEEKDAY,2260,,,0,,,SWKSWK_PARTIAL_KAABA_4PFRSS_DEC_JAN_2026WEEKDAY
SWK,SWK_PARTIAL_KAABA_2P,FRSS_DEC_JAN_2026,2025-12-18,2026-01-09,WEEKEND,2140,,,0,,,SWKSWK_PARTIAL_KAABA_2PFRSS_DEC_JAN_2026WEEKEND
SWK,SWK_PARTIAL_KAABA_3P,FRSS_DEC_JAN_2026,2025-12-18,2026-01-09,WEEKEND,2260,,,0,,,SWKSWK_PARTIAL_KAABA_3PFRSS_DEC_JAN_2026WEEKEND
SWK,SWK_PARTIAL_KAABA_4P,FRSS_DEC_JAN_2026,2025-12-18,2026-01-09,WEEKEND,2380,,,0,,,SWKSWK_PARTIAL_KAABA_4PFRSS_DEC_JAN_2026WEEKEND
SWK,SWK_KAABA_PREM_2P,FRSS_DEC_JAN_2026,2025-12-18,2026-01-09,WEEKDAY,2200,,,0,,,SWKSWK_KAABA_PREM_2PFRSS_DEC_JAN_2026WEEKDAY
SWK,SWK_KAABA_PREM_3P,FRSS_DEC_JAN_2026,2025-12-18,2026-01-09,WEEKDAY,2320,,,0,,,SWKSWK_KAABA_PREM_3PFRSS_DEC_JAN_2026WEEKDAY
SWK,SWK_KAABA_PREM_2P,FRSS_DEC_JAN_2026,2025-12-18,2026-01-09,WEEKEND,2320,,,0,,,SWKSWK_KAABA_PREM_2PFRSS_DEC_JAN_2026WEEKEND
SWK,SWK_KAABA_PREM_3P,FRSS_DEC_JAN_2026,2025-12-18,2026-01-09,WEEKEND,2440,,,0,,,SWKSWK_KAABA_PREM_3PFRSS_DEC_JAN_2026WEEKEND
SWK,SWK_JS_CITY_2P,FRSS_DEC_JAN_2026,2025-12-18,2026-01-09,WEEKDAY,2270,,,0,,,SWKSWK_JS_CITY_2PFRSS_DEC_JAN_2026WEEKDAY
SWK,SWK_JS_CITY_3P,FRSS_DEC_JAN_2026,2025-12-18,2026-01-09,WEEKDAY,2390,,,0,,,SWKSWK_JS_CITY_3PFRSS_DEC_JAN_2026WEEKDAY
SWK,SWK_JS_CITY_4P,FRSS_DEC_JAN_2026,2025-12-18,2026-01-09,WEEKDAY,2510,,,0,,,SWKSWK_JS_CITY_4PFRSS_DEC_JAN_2026WEEKDAY
SWK,SWK_JS_CITY_2P,FRSS_DEC_JAN_2026,2025-12-18,2026-01-09,WEEKEND,2400,,,0,,,SWKSWK_JS_CITY_2PFRSS_DEC_JAN_2026WEEKEND
SWK,SWK_JS_CITY_3P,FRSS_DEC_JAN_2026,2025-12-18,2026-01-09,WEEKEND,2520,,,0,,,SWKSWK_JS_CITY_3PFRSS_DEC_JAN_2026WEEKEND
SWK,SWK_JS_CITY_4P,FRSS_DEC_JAN_2026,2025-12-18,2026-01-09,WEEKEND,2640,,,0,,,SWKSWK_JS_CITY_4PFRSS_DEC_JAN_2026WEEKEND
SWK,SWK_JS_HARAM_2P,FRSS_DEC_JAN_2026,2025-12-18,2026-01-09,WEEKDAY,2340,,,0,,,SWKSWK_JS_HARAM_2PFRSS_DEC_JAN_2026WEEKDAY
SWK,SWK_JS_HARAM_3P,FRSS_DEC_JAN_2026,2025-12-18,2026-01-09,WEEKDAY,2460,,,0,,,SWKSWK_JS_HARAM_3PFRSS_DEC_JAN_2026WEEKDAY
SWK,SWK_JS_HARAM_4P,FRSS_DEC_JAN_2026,2025-12-18,2026-01-09,WEEKDAY,2580,,,0,,,SWKSWK_JS_HARAM_4PFRSS_DEC_JAN_2026WEEKDAY
SWK,SWK_JS_HARAM_2P,FRSS_DEC_JAN_2026,2025-12-18,2026-01-09,WEEKEND,2470,,,0,,,SWKSWK_JS_HARAM_2PFRSS_DEC_JAN_2026WEEKEND
SWK,SWK_JS_HARAM_3P,FRSS_DEC_JAN_2026,2025-12-18,2026-01-09,WEEKEND,2590,,,0,,,SWKSWK_JS_HARAM_3PFRSS_DEC_JAN_2026WEEKEND
SWK,SWK_JS_HARAM_4P,FRSS_DEC_JAN_2026,2025-12-18,2026-01-09,WEEKEND,2710,,,0,,,SWKSWK_JS_HARAM_4PFRSS_DEC_JAN_2026WEEKEND
SWK,SWK_JS_KAABA_2P,FRSS_DEC_JAN_2026,2025-12-18,2026-01-09,WEEKDAY,2570,,,0,,,SWKSWK_JS_KAABA_2PFRSS_DEC_JAN_2026WEEKDAY
SWK,SWK_JS_KAABA_3P,FRSS_DEC_JAN_2026,2025-12-18,2026-01-09,WEEKDAY,2690,,,0,,,SWKSWK_JS_KAABA_3PFRSS_DEC_JAN_2026WEEKDAY
SWK,SWK_JS_KAABA_4P,FRSS_DEC_JAN_2026,2025-12-18,2026-01-09,WEEKDAY,2810,,,0,,,SWKSWK_JS_KAABA_4PFRSS_DEC_JAN_2026WEEKDAY
SWK,SWK_JS_KAABA_2P,FRSS_DEC_JAN_2026,2025-12-18,2026-01-09,WEEKEND,2700,,,0,,,SWKSWK_JS_KAABA_2PFRSS_DEC_JAN_2026WEEKEND
SWK,SWK_JS_KAABA_3P,FRSS_DEC_JAN_2026,2025-12-18,2026-01-09,WEEKEND,2820,,,0,,,SWKSWK_JS_KAABA_3PFRSS_DEC_JAN_2026WEEKEND
SWK,SWK_JS_KAABA_4P,FRSS_DEC_JAN_2026,2025-12-18,2026-01-09,WEEKEND,2940,,,0,,,SWKSWK_JS_KAABA_4PFRSS_DEC_JAN_2026WEEKEND
SWK,SWK_CITY_2P,FRSS_JAN_FEB_2026,2026-01-10,2026-02-16,WEEKDAY,890,,,0,,,SWKSWK_CITY_2PFRSS_JAN_FEB_2026WEEKDAY
SWK,SWK_CITY_3P,FRSS_JAN_FEB_2026,2026-01-10,2026-02-16,WEEKDAY,1010,,,0,,,SWKSWK_CITY_3PFRSS_JAN_FEB_2026WEEKDAY
SWK,SWK_CITY_4P,FRSS_JAN_FEB_2026,2026-01-10,2026-02-16,WEEKDAY,1130,,,0,,,SWKSWK_CITY_4PFRSS_JAN_FEB_2026WEEKDAY
SWK,SWK_CITY_2P,FRSS_JAN_FEB_2026,2026-01-10,2026-02-16,WEEKEND,1010,,,0,,,SWKSWK_CITY_2PFRSS_JAN_FEB_2026WEEKEND
SWK,SWK_CITY_3P,FRSS_JAN_FEB_2026,2026-01-10,2026-02-16,WEEKEND,1130,,,0,,,SWKSWK_CITY_3PFRSS_JAN_FEB_2026WEEKEND
SWK,SWK_CITY_4P,FRSS_JAN_FEB_2026,2026-01-10,2026-02-16,WEEKEND,1250,,,0,,,SWKSWK_CITY_4PFRSS_JAN_FEB_2026WEEKEND
SWK,SWK_HARAM_2P,FRSS_JAN_FEB_2026,2026-01-10,2026-02-16,WEEKDAY,980,,,0,,,SWKSWK_HARAM_2PFRSS_JAN_FEB_2026WEEKDAY
SWK,SWK_HARAM_3P,FRSS_JAN_FEB_2026,2026-01-10,2026-02-16,WEEKDAY,1100,,,0,,,SWKSWK_HARAM_3PFRSS_JAN_FEB_2026WEEKDAY
SWK,SWK_HARAM_4P,FRSS_JAN_FEB_2026,2026-01-10,2026-02-16,WEEKDAY,1220,,,0,,,SWKSWK_HARAM_4PFRSS_JAN_FEB_2026WEEKDAY
SWK,SWK_HARAM_2P,FRSS_JAN_FEB_2026,2026-01-10,2026-02-16,WEEKEND,1110,,,0,,,SWKSWK_HARAM_2PFRSS_JAN_FEB_2026WEEKEND
SWK,SWK_HARAM_3P,FRSS_JAN_FEB_2026,2026-01-10,2026-02-16,WEEKEND,1230,,,0,,,SWKSWK_HARAM_3PFRSS_JAN_FEB_2026WEEKEND
SWK,SWK_HARAM_4P,FRSS_JAN_FEB_2026,2026-01-10,2026-02-16,WEEKEND,1350,,,0,,,SWKSWK_HARAM_4PFRSS_JAN_FEB_2026WEEKEND
SWK,SWK_PARTIAL_KAABA_2P,FRSS_JAN_FEB_2026,2026-01-10,2026-02-16,WEEKDAY,1180,,,0,,,SWKSWK_PARTIAL_KAABA_2PFRSS_JAN_FEB_2026WEEKDAY
SWK,SWK_PARTIAL_KAABA_3P,FRSS_JAN_FEB_2026,2026-01-10,2026-02-16,WEEKDAY,1300,,,0,,,SWKSWK_PARTIAL_KAABA_3PFRSS_JAN_FEB_2026WEEKDAY
SWK,SWK_PARTIAL_KAABA_4P,FRSS_JAN_FEB_2026,2026-01-10,2026-02-16,WEEKDAY,1420,,,0,,,SWKSWK_PARTIAL_KAABA_4PFRSS_JAN_FEB_2026WEEKDAY
SWK,SWK_PARTIAL_KAABA_2P,FRSS_JAN_FEB_2026,2026-01-10,2026-02-16,WEEKEND,1310,,,0,,,SWKSWK_PARTIAL_KAABA_2PFRSS_JAN_FEB_2026WEEKEND
SWK,SWK_PARTIAL_KAABA_3P,FRSS_JAN_FEB_2026,2026-01-10,2026-02-16,WEEKEND,1430,,,0,,,SWKSWK_PARTIAL_KAABA_3PFRSS_JAN_FEB_2026WEEKEND
SWK,SWK_PARTIAL_KAABA_4P,FRSS_JAN_FEB_2026,2026-01-10,2026-02-16,WEEKEND,1550,,,0,,,SWKSWK_PARTIAL_KAABA_4PFRSS_JAN_FEB_2026WEEKEND
SWK,SWK_KAABA_PREM_2P,FRSS_JAN_FEB_2026,2026-01-10,2026-02-16,WEEKDAY,1360,,,0,,,SWKSWK_KAABA_PREM_2PFRSS_JAN_FEB_2026WEEKDAY
SWK,SWK_KAABA_PREM_3P,FRSS_JAN_FEB_2026,2026-01-10,2026-02-16,WEEKDAY,1480,,,0,,,SWKSWK_KAABA_PREM_3PFRSS_JAN_FEB_2026WEEKDAY
SWK,SWK_KAABA_PREM_2P,FRSS_JAN_FEB_2026,2026-01-10,2026-02-16,WEEKEND,1490,,,0,,,SWKSWK_KAABA_PREM_2PFRSS_JAN_FEB_2026WEEKEND
SWK,SWK_KAABA_PREM_3P,FRSS_JAN_FEB_2026,2026-01-10,2026-02-16,WEEKEND,1610,,,0,,,SWKSWK_KAABA_PREM_3PFRSS_JAN_FEB_2026WEEKEND
SWK,SWK_JS_CITY_2P,FRSS_JAN_FEB_2026,2026-01-10,2026-02-16,WEEKDAY,1520,,,0,,,SWKSWK_JS_CITY_2PFRSS_JAN_FEB_2026WEEKDAY
SWK,SWK_JS_CITY_3P,FRSS_JAN_FEB_2026,2026-01-10,2026-02-16,WEEKDAY,1640,,,0,,,SWKSWK_JS_CITY_3PFRSS_JAN_FEB_2026WEEKDAY
SWK,SWK_JS_CITY_4P,FRSS_JAN_FEB_2026,2026-01-10,2026-02-16,WEEKDAY,1760,,,0,,,SWKSWK_JS_CITY_4PFRSS_JAN_FEB_2026WEEKDAY
SWK,SWK_JS_CITY_2P,FRSS_JAN_FEB_2026,2026-01-10,2026-02-16,WEEKEND,1650,,,0,,,SWKSWK_JS_CITY_2PFRSS_JAN_FEB_2026WEEKEND
SWK,SWK_JS_CITY_3P,FRSS_JAN_FEB_2026,2026-01-10,2026-02-16,WEEKEND,1770,,,0,,,SWKSWK_JS_CITY_3PFRSS_JAN_FEB_2026WEEKEND
SWK,SWK_JS_CITY_4P,FRSS_JAN_FEB_2026,2026-01-10,2026-02-16,WEEKEND,1890,,,0,,,SWKSWK_JS_CITY_4PFRSS_JAN_FEB_2026WEEKEND
SWK,SWK_JS_HARAM_2P,FRSS_JAN_FEB_2026,2026-01-10,2026-02-16,WEEKDAY,1590,,,0,,,SWKSWK_JS_HARAM_2PFRSS_JAN_FEB_2026WEEKDAY
SWK,SWK_JS_HARAM_3P,FRSS_JAN_FEB_2026,2026-01-10,2026-02-16,WEEKDAY,1710,,,0,,,SWKSWK_JS_HARAM_3PFRSS_JAN_FEB_2026WEEKDAY
SWK,SWK_JS_HARAM_4P,FRSS_JAN_FEB_2026,2026-01-10,2026-02-16,WEEKDAY,1830,,,0,,,SWKSWK_JS_HARAM_4PFRSS_JAN_FEB_2026WEEKDAY
SWK,SWK_JS_HARAM_2P,FRSS_JAN_FEB_2026,2026-01-10,2026-02-16,WEEKEND,1720,,,0,,,SWKSWK_JS_HARAM_2PFRSS_JAN_FEB_2026WEEKEND
SWK,SWK_JS_HARAM_3P,FRSS_JAN_FEB_2026,2026-01-10,2026-02-16,WEEKEND,1840,,,0,,,SWKSWK_JS_HARAM_3PFRSS_JAN_FEB_2026WEEKEND
SWK,SWK_JS_HARAM_4P,FRSS_JAN_FEB_2026,2026-01-10,2026-02-16,WEEKEND,1960,,,0,,,SWKSWK_JS_HARAM_4PFRSS_JAN_FEB_2026WEEKEND
SWK,SWK_JS_KAABA_2P,FRSS_JAN_FEB_2026,2026-01-10,2026-02-16,WEEKDAY,1820,,,0,,,SWKSWK_JS_KAABA_2PFRSS_JAN_FEB_2026WEEKDAY
SWK,SWK_JS_KAABA_3P,FRSS_JAN_FEB_2026,2026-01-10,2026-02-16,WEEKDAY,1940,,,0,,,SWKSWK_JS_KAABA_3PFRSS_JAN_FEB_2026WEEKDAY
SWK,SWK_JS_KAABA_4P,FRSS_JAN_FEB_2026,2026-01-10,2026-02-16,WEEKDAY,2060,,,0,,,SWKSWK_JS_KAABA_4PFRSS_JAN_FEB_2026WEEKDAY
SWK,SWK_JS_KAABA_2P,FRSS_JAN_FEB_2026,2026-01-10,2026-02-16,WEEKEND,1950,,,0,,,SWKSWK_JS_KAABA_2PFRSS_JAN_FEB_2026WEEKEND
SWK,SWK_JS_KAABA_3P,FRSS_JAN_FEB_2026,2026-01-10,2026-02-16,WEEKEND,2070,,,0,,,SWKSWK_JS_KAABA_3PFRSS_JAN_FEB_2026WEEKEND
SWK,SWK_JS_KAABA_4P,FRSS_JAN_FEB_2026,2026-01-10,2026-02-16,WEEKEND,2190,,,0,,,SWKSWK_JS_KAABA_4PFRSS_JAN_FEB_2026WEEKEND
SWK,SWK_CITY_2P,FRSS_MAR_APR_2026,2026-03-20,2026-04-17,WEEKDAY,830,,,0,,,SWKSWK_CITY_2PFRSS_MAR_APR_2026WEEKDAY
SWK,SWK_CITY_3P,FRSS_MAR_APR_2026,2026-03-20,2026-04-17,WEEKDAY,950,,,0,,,SWKSWK_CITY_3PFRSS_MAR_APR_2026WEEKDAY
SWK,SWK_CITY_4P,FRSS_MAR_APR_2026,2026-03-20,2026-04-17,WEEKDAY,1070,,,0,,,SWKSWK_CITY_4PFRSS_MAR_APR_2026WEEKDAY
SWK,SWK_CITY_2P,FRSS_MAR_APR_2026,2026-03-20,2026-04-17,WEEKEND,910,,,0,,,SWKSWK_CITY_2PFRSS_MAR_APR_2026WEEKEND
SWK,SWK_CITY_3P,FRSS_MAR_APR_2026,2026-03-20,2026-04-17,WEEKEND,1030,,,0,,,SWKSWK_CITY_3PFRSS_MAR_APR_2026WEEKEND
SWK,SWK_CITY_4P,FRSS_MAR_APR_2026,2026-03-20,2026-04-17,WEEKEND,1150,,,0,,,SWKSWK_CITY_4PFRSS_MAR_APR_2026WEEKEND
SWK,SWK_HARAM_2P,FRSS_MAR_APR_2026,2026-03-20,2026-04-17,WEEKDAY,920,,,0,,,SWKSWK_HARAM_2PFRSS_MAR_APR_2026WEEKDAY
SWK,SWK_HARAM_3P,FRSS_MAR_APR_2026,2026-03-20,2026-04-17,WEEKDAY,1040,,,0,,,SWKSWK_HARAM_3PFRSS_MAR_APR_2026WEEKDAY
SWK,SWK_HARAM_4P,FRSS_MAR_APR_2026,2026-03-20,2026-04-17,WEEKDAY,1160,,,0,,,SWKSWK_HARAM_4PFRSS_MAR_APR_2026WEEKDAY
SWK,SWK_HARAM_2P,FRSS_MAR_APR_2026,2026-03-20,2026-04-17,WEEKEND,1010,,,0,,,SWKSWK_HARAM_2PFRSS_MAR_APR_2026WEEKEND
SWK,SWK_HARAM_3P,FRSS_MAR_APR_2026,2026-03-20,2026-04-17,WEEKEND,1130,,,0,,,SWKSWK_HARAM_3PFRSS_MAR_APR_2026WEEKEND
SWK,SWK_HARAM_4P,FRSS_MAR_APR_2026,2026-03-20,2026-04-17,WEEKEND,1250,,,0,,,SWKSWK_HARAM_4PFRSS_MAR_APR_2026WEEKEND
SWK,SWK_PARTIAL_KAABA_2P,FRSS_MAR_APR_2026,2026-03-20,2026-04-17,WEEKDAY,1080,,,0,,,SWKSWK_PARTIAL_KAABA_2PFRSS_MAR_APR_2026WEEKDAY
SWK,SWK_PARTIAL_KAABA_3P,FRSS_MAR_APR_2026,2026-03-20,2026-04-17,WEEKDAY,1200,,,0,,,SWKSWK_PARTIAL_KAABA_3PFRSS_MAR_APR_2026WEEKDAY
SWK,SWK_PARTIAL_KAABA_4P,FRSS_MAR_APR_2026,2026-03-20,2026-04-17,WEEKDAY,1320,,,0,,,SWKSWK_PARTIAL_KAABA_4PFRSS_MAR_APR_2026WEEKDAY
SWK,SWK_PARTIAL_KAABA_2P,FRSS_MAR_APR_2026,2026-03-20,2026-04-17,WEEKEND,1170,,,0,,,SWKSWK_PARTIAL_KAABA_2PFRSS_MAR_APR_2026WEEKEND
SWK,SWK_PARTIAL_KAABA_3P,FRSS_MAR_APR_2026,2026-03-20,2026-04-17,WEEKEND,1290,,,0,,,SWKSWK_PARTIAL_KAABA_3PFRSS_MAR_APR_2026WEEKEND
SWK,SWK_PARTIAL_KAABA_4P,FRSS_MAR_APR_2026,2026-03-20,2026-04-17,WEEKEND,1410,,,0,,,SWKSWK_PARTIAL_KAABA_4PFRSS_MAR_APR_2026WEEKEND
SWK,SWK_KAABA_PREM_2P,FRSS_MAR_APR_2026,2026-03-20,2026-04-17,WEEKDAY,1260,,,0,,,SWKSWK_KAABA_PREM_2PFRSS_MAR_APR_2026WEEKDAY
SWK,SWK_KAABA_PREM_3P,FRSS_MAR_APR_2026,2026-03-20,2026-04-17,WEEKDAY,1380,,,0,,,SWKSWK_KAABA_PREM_3PFRSS_MAR_APR_2026WEEKDAY
SWK,SWK_KAABA_PREM_2P,FRSS_MAR_APR_2026,2026-03-20,2026-04-17,WEEKEND,1350,,,0,,,SWKSWK_KAABA_PREM_2PFRSS_MAR_APR_2026WEEKEND
SWK,SWK_KAABA_PREM_3P,FRSS_MAR_APR_2026,2026-03-20,2026-04-17,WEEKEND,1470,,,0,,,SWKSWK_KAABA_PREM_3PFRSS_MAR_APR_2026WEEKEND
SWK,SWK_JS_CITY_2P,FRSS_MAR_APR_2026,2026-03-20,2026-04-17,WEEKDAY,1210,,,0,,,SWKSWK_JS_CITY_2PFRSS_MAR_APR_2026WEEKDAY
SWK,SWK_JS_CITY_3P,FRSS_MAR_APR_2026,2026-03-20,2026-04-17,WEEKDAY,1330,,,0,,,SWKSWK_JS_CITY_3PFRSS_MAR_APR_2026WEEKDAY
SWK,SWK_JS_CITY_4P,FRSS_MAR_APR_2026,2026-03-20,2026-04-17,WEEKDAY,1450,,,0,,,SWKSWK_JS_CITY_4PFRSS_MAR_APR_2026WEEKDAY
SWK,SWK_JS_CITY_2P,FRSS_MAR_APR_2026,2026-03-20,2026-04-17,WEEKEND,1290,,,0,,,SWKSWK_JS_CITY_2PFRSS_MAR_APR_2026WEEKEND
SWK,SWK_JS_CITY_3P,FRSS_MAR_APR_2026,2026-03-20,2026-04-17,WEEKEND,1410,,,0,,,SWKSWK_JS_CITY_3PFRSS_MAR_APR_2026WEEKEND
SWK,SWK_JS_CITY_4P,FRSS_MAR_APR_2026,2026-03-20,2026-04-17,WEEKEND,1530,,,0,,,SWKSWK_JS_CITY_4PFRSS_MAR_APR_2026WEEKEND
SWK,SWK_JS_HARAM_2P,FRSS_MAR_APR_2026,2026-03-20,2026-04-17,WEEKDAY,1320,,,0,,,SWKSWK_JS_HARAM_2PFRSS_MAR_APR_2026WEEKDAY
SWK,SWK_JS_HARAM_3P,FRSS_MAR_APR_2026,2026-03-20,2026-04-17,WEEKDAY,1440,,,0,,,SWKSWK_JS_HARAM_3PFRSS_MAR_APR_2026WEEKDAY
SWK,SWK_JS_HARAM_4P,FRSS_MAR_APR_2026,2026-03-20,2026-04-17,WEEKDAY,1560,,,0,,,SWKSWK_JS_HARAM_4PFRSS_MAR_APR_2026WEEKDAY
SWK,SWK_JS_HARAM_2P,FRSS_MAR_APR_2026,2026-03-20,2026-04-17,WEEKEND,1410,,,0,,,SWKSWK_JS_HARAM_2PFRSS_MAR_APR_2026WEEKEND
SWK,SWK_JS_HARAM_3P,FRSS_MAR_APR_2026,2026-03-20,2026-04-17,WEEKEND,1530,,,0,,,SWKSWK_JS_HARAM_3PFRSS_MAR_APR_2026WEEKEND
SWK,SWK_JS_HARAM_4P,FRSS_MAR_APR_2026,2026-03-20,2026-04-17,WEEKEND,1650,,,0,,,SWKSWK_JS_HARAM_4PFRSS_MAR_APR_2026WEEKEND
SWK,SWK_JS_KAABA_2P,FRSS_MAR_APR_2026,2026-03-20,2026-04-17,WEEKDAY,1420,,,0,,,SWKSWK_JS_KAABA_2PFRSS_MAR_APR_2026WEEKDAY
SWK,SWK_JS_KAABA_3P,FRSS_MAR_APR_2026,2026-03-20,2026-04-17,WEEKDAY,1540,,,0,,,SWKSWK_JS_KAABA_3PFRSS_MAR_APR_2026WEEKDAY
SWK,SWK_JS_KAABA_4P,FRSS_MAR_APR_2026,2026-03-20,2026-04-17,WEEKDAY,1660,,,0,,,SWKSWK_JS_KAABA_4PFRSS_MAR_APR_2026WEEKDAY
SWK,SWK_JS_KAABA_2P,FRSS_MAR_APR_2026,2026-03-20,2026-04-17,WEEKEND,1510,,,0,,,SWKSWK_JS_KAABA_2PFRSS_MAR_APR_2026WEEKEND
SWK,SWK_JS_KAABA_3P,FRSS_MAR_APR_2026,2026-03-20,2026-04-17,WEEKEND,1630,,,0,,,SWKSWK_JS_KAABA_3PFRSS_MAR_APR_2026WEEKEND
SWK,SWK_JS_KAABA_4P,FRSS_MAR_APR_2026,2026-03-20,2026-04-17,WEEKEND,1750,,,0,,,SWKSWK_JS_KAABA_4PFRSS_MAR_APR_2026WEEKEND
SWK,SWK_CITY_2P,FRSS_APR_JUN_2026,2026-04-18,2026-06-15,WEEKDAY,630,,,0,,,SWKSWK_CITY_2PFRSS_APR_JUN_2026WEEKDAY
SWK,SWK_CITY_3P,FRSS_APR_JUN_2026,2026-04-18,2026-06-15,WEEKDAY,750,,,0,,,SWKSWK_CITY_3PFRSS_APR_JUN_2026WEEKDAY
SWK,SWK_CITY_4P,FRSS_APR_JUN_2026,2026-04-18,2026-06-15,WEEKDAY,870,,,0,,,SWKSWK_CITY_4PFRSS_APR_JUN_2026WEEKDAY
SWK,SWK_CITY_2P,FRSS_APR_JUN_2026,2026-04-18,2026-06-15,WEEKEND,650,,,0,,,SWKSWK_CITY_2PFRSS_APR_JUN_2026WEEKEND
SWK,SWK_CITY_3P,FRSS_APR_JUN_2026,2026-04-18,2026-06-15,WEEKEND,770,,,0,,,SWKSWK_CITY_3PFRSS_APR_JUN_2026WEEKEND
SWK,SWK_CITY_4P,FRSS_APR_JUN_2026,2026-04-18,2026-06-15,WEEKEND,890,,,0,,,SWKSWK_CITY_4PFRSS_APR_JUN_2026WEEKEND
SWK,SWK_HARAM_2P,FRSS_APR_JUN_2026,2026-04-18,2026-06-15,WEEKDAY,700,,,0,,,SWKSWK_HARAM_2PFRSS_APR_JUN_2026WEEKDAY
SWK,SWK_HARAM_3P,FRSS_APR_JUN_2026,2026-04-18,2026-06-15,WEEKDAY,820,,,0,,,SWKSWK_HARAM_3PFRSS_APR_JUN_2026WEEKDAY
SWK,SWK_HARAM_4P,FRSS_APR_JUN_2026,2026-04-18,2026-06-15,WEEKDAY,940,,,0,,,SWKSWK_HARAM_4PFRSS_APR_JUN_2026WEEKDAY
SWK,SWK_HARAM_2P,FRSS_APR_JUN_2026,2026-04-18,2026-06-15,WEEKEND,710,,,0,,,SWKSWK_HARAM_2PFRSS_APR_JUN_2026WEEKEND
SWK,SWK_HARAM_3P,FRSS_APR_JUN_2026,2026-04-18,2026-06-15,WEEKEND,830,,,0,,,SWKSWK_HARAM_3PFRSS_APR_JUN_2026WEEKEND
SWK,SWK_HARAM_4P,FRSS_APR_JUN_2026,2026-04-18,2026-06-15,WEEKEND,950,,,0,,,SWKSWK_HARAM_4PFRSS_APR_JUN_2026WEEKEND
SWK,SWK_PARTIAL_KAABA_2P,FRSS_APR_JUN_2026,2026-04-18,2026-06-15,WEEKDAY,800,,,0,,,SWKSWK_PARTIAL_KAABA_2PFRSS_APR_JUN_2026WEEKDAY
SWK,SWK_PARTIAL_KAABA_3P,FRSS_APR_JUN_2026,2026-04-18,2026-06-15,WEEKDAY,920,,,0,,,SWKSWK_PARTIAL_KAABA_3PFRSS_APR_JUN_2026WEEKDAY
SWK,SWK_PARTIAL_KAABA_4P,FRSS_APR_JUN_2026,2026-04-18,2026-06-15,WEEKDAY,1040,,,0,,,SWKSWK_PARTIAL_KAABA_4PFRSS_APR_JUN_2026WEEKDAY
SWK,SWK_PARTIAL_KAABA_2P,FRSS_APR_JUN_2026,2026-04-18,2026-06-15,WEEKEND,820,,,0,,,SWKSWK_PARTIAL_KAABA_2PFRSS_APR_JUN_2026WEEKEND
SWK,SWK_PARTIAL_KAABA_3P,FRSS_APR_JUN_2026,2026-04-18,2026-06-15,WEEKEND,940,,,0,,,SWKSWK_PARTIAL_KAABA_3PFRSS_APR_JUN_2026WEEKEND
SWK,SWK_PARTIAL_KAABA_4P,FRSS_APR_JUN_2026,2026-04-18,2026-06-15,WEEKEND,1060,,,0,,,SWKSWK_PARTIAL_KAABA_4PFRSS_APR_JUN_2026WEEKEND
SWK,SWK_KAABA_PREM_2P,FRSS_APR_JUN_2026,2026-04-18,2026-06-15,WEEKDAY,950,,,0,,,SWKSWK_KAABA_PREM_2PFRSS_APR_JUN_2026WEEKDAY
SWK,SWK_KAABA_PREM_3P,FRSS_APR_JUN_2026,2026-04-18,2026-06-15,WEEKDAY,1070,,,0,,,SWKSWK_KAABA_PREM_3PFRSS_APR_JUN_2026WEEKDAY
SWK,SWK_KAABA_PREM_2P,FRSS_APR_JUN_2026,2026-04-18,2026-06-15,WEEKEND,970,,,0,,,SWKSWK_KAABA_PREM_2PFRSS_APR_JUN_2026WEEKEND
SWK,SWK_KAABA_PREM_3P,FRSS_APR_JUN_2026,2026-04-18,2026-06-15,WEEKEND,1090,,,0,,,SWKSWK_KAABA_PREM_3PFRSS_APR_JUN_2026WEEKEND
SWK,SWK_JS_CITY_2P,FRSS_APR_JUN_2026,2026-04-18,2026-06-15,WEEKDAY,1010,,,0,,,SWKSWK_JS_CITY_2PFRSS_APR_JUN_2026WEEKDAY
SWK,SWK_JS_CITY_3P,FRSS_APR_JUN_2026,2026-04-18,2026-06-15,WEEKDAY,1130,,,0,,,SWKSWK_JS_CITY_3PFRSS_APR_JUN_2026WEEKDAY
SWK,SWK_JS_CITY_4P,FRSS_APR_JUN_2026,2026-04-18,2026-06-15,WEEKDAY,1250,,,0,,,SWKSWK_JS_CITY_4PFRSS_APR_JUN_2026WEEKDAY
SWK,SWK_JS_CITY_2P,FRSS_APR_JUN_2026,2026-04-18,2026-06-15,WEEKEND,1030,,,0,,,SWKSWK_JS_CITY_2PFRSS_APR_JUN_2026WEEKEND
SWK,SWK_JS_CITY_3P,FRSS_APR_JUN_2026,2026-04-18,2026-06-15,WEEKEND,1150,,,0,,,SWKSWK_JS_CITY_3PFRSS_APR_JUN_2026WEEKEND
SWK,SWK_JS_CITY_4P,FRSS_APR_JUN_2026,2026-04-18,2026-06-15,WEEKEND,1270,,,0,,,SWKSWK_JS_CITY_4PFRSS_APR_JUN_2026WEEKEND
SWK,SWK_JS_HARAM_2P,FRSS_APR_JUN_2026,2026-04-18,2026-06-15,WEEKDAY,1070,,,0,,,SWKSWK_JS_HARAM_2PFRSS_APR_JUN_2026WEEKDAY
SWK,SWK_JS_HARAM_3P,FRSS_APR_JUN_2026,2026-04-18,2026-06-15,WEEKDAY,1190,,,0,,,SWKSWK_JS_HARAM_3PFRSS_APR_JUN_2026WEEKDAY
SWK,SWK_JS_HARAM_4P,FRSS_APR_JUN_2026,2026-04-18,2026-06-15,WEEKDAY,1310,,,0,,,SWKSWK_JS_HARAM_4PFRSS_APR_JUN_2026WEEKDAY
SWK,SWK_JS_HARAM_2P,FRSS_APR_JUN_2026,2026-04-18,2026-06-15,WEEKEND,1090,,,0,,,SWKSWK_JS_HARAM_2PFRSS_APR_JUN_2026WEEKEND
SWK,SWK_JS_HARAM_3P,FRSS_APR_JUN_2026,2026-04-18,2026-06-15,WEEKEND,1210,,,0,,,SWKSWK_JS_HARAM_3PFRSS_APR_JUN_2026WEEKEND
SWK,SWK_JS_HARAM_4P,FRSS_APR_JUN_2026,2026-04-18,2026-06-15,WEEKEND,1330,,,0,,,SWKSWK_JS_HARAM_4PFRSS_APR_JUN_2026WEEKEND
SWK,SWK_JS_KAABA_2P,FRSS_APR_JUN_2026,2026-04-18,2026-06-15,WEEKDAY,1200,,,0,,,SWKSWK_JS_KAABA_2PFRSS_APR_JUN_2026WEEKDAY
SWK,SWK_JS_KAABA_3P,FRSS_APR_JUN_2026,2026-04-18,2026-06-15,WEEKDAY,1320,,,0,,,SWKSWK_JS_KAABA_3PFRSS_APR_JUN_2026WEEKDAY
SWK,SWK_JS_KAABA_4P,FRSS_APR_JUN_2026,2026-04-18,2026-06-15,WEEKDAY,1440,,,0,,,SWKSWK_JS_KAABA_4PFRSS_APR_JUN_2026WEEKDAY
SWK,SWK_JS_KAABA_2P,FRSS_APR_JUN_2026,2026-04-18,2026-06-15,WEEKEND,1220,,,0,,,SWKSWK_JS_KAABA_2PFRSS_APR_JUN_2026WEEKEND
SWK,SWK_JS_KAABA_3P,FRSS_APR_JUN_2026,2026-04-18,2026-06-15,WEEKEND,1340,,,0,,,SWKSWK_JS_KAABA_3PFRSS_APR_JUN_2026WEEKEND
SWK,SWK_JS_KAABA_4P,FRSS_APR_JUN_2026,2026-04-18,2026-06-15,WEEKEND,1460,,,0,,,SWKSWK_JS_KAABA_4PFRSS_APR_JUN_2026WEEKEND
