hotel_id,room_option_id,season_code,day_type,sellprice_usd,Add_Breakfast,Add_lunch,Add_Diner,floor_area_sqm,display_guest_count,display_occupancy_label,unique_key
AJM,AJM_STD_CITY_2P,AJM_REG_OCTDEC,WEEKDAY,165,0,55,109,28,2,Double,AJMAJM_STD_CITY_2PAJM_REG_OCTDECWEEKDAY
AJM,AJM_STD_CITY_2P,AJM_REG_OCTDEC,WEEKEND,179,0,55,109,28,2,Double,AJMAJM_STD_CITY_2PAJM_REG_OCTDECWEEKEND
AJM,AJM_DLX_HARAM_2P,AJM_REG_OCTDEC,WEEKDAY,194,0,55,109,28,2,Double,AJMAJM_DLX_HARAM_2PAJM_REG_OCTDECWEEKDAY
AJM,AJM_DLX_HARAM_2P,AJM_REG_OCTDEC,WEEKEND,208,0,55,109,28,2,Double,AJMAJM_DLX_HARAM_2PAJM_REG_OCTDECWEEKEND
AJM,AJM_STD_CITY_3P,AJM_REG_OCTDEC,WEEKDAY,191,0,68,150,28,3,Triple,AJMAJM_STD_CITY_3PAJM_REG_OCTDECWEEKDAY
AJM,AJM_STD_CITY_3P,AJM_REG_OCTDEC,WEEKEND,205,0,68,150,28,3,Triple,AJMAJM_STD_CITY_3PAJM_REG_OCTDECWEEKEND
AJM,AJM_STD_CITY_4P,AJM_REG_OCTDEC,WEEKDAY,217,0,82,191,28,4,Quad,AJMAJM_STD_CITY_4PAJM_REG_OCTDECWEEKDAY
AJM,AJM_STD_CITY_4P,AJM_REG_OCTDEC,WEEKEND,232,0,82,191,28,4,Quad,AJMAJM_STD_CITY_4PAJM_REG_OCTDECWEEKEND
AJM,AJM_DLX_HARAM_3P,AJM_REG_OCTDEC,WEEKDAY,220,0,68,150,28,3,Triple,AJMAJM_DLX_HARAM_3PAJM_REG_OCTDECWEEKDAY
AJM,AJM_DLX_HARAM_3P,AJM_REG_OCTDEC,WEEKEND,235,0,68,150,28,3,Triple,AJMAJM_DLX_HARAM_3PAJM_REG_OCTDECWEEKEND
AJM,AJM_DLX_HARAM_4P,AJM_REG_OCTDEC,WEEKDAY,246,0,82,191,28,4,Quad,AJMAJM_DLX_HARAM_4PAJM_REG_OCTDECWEEKDAY
AJM,AJM_DLX_HARAM_4P,AJM_REG_OCTDEC,WEEKEND,261,0,82,191,28,4,Quad,AJMAJM_DLX_HARAM_4PAJM_REG_OCTDECWEEKEND
AJM,AJM_STD_CITY_2P,AJM_REG_JANFEB,WEEKDAY,149,0,55,109,28,2,Double,AJMAJM_STD_CITY_2PAJM_REG_JANFEBWEEKDAY
AJM,AJM_STD_CITY_2P,AJM_REG_JANFEB,WEEKEND,163,0,55,109,28,2,Double,AJMAJM_STD_CITY_2PAJM_REG_JANFEBWEEKEND
AJM,AJM_DLX_HARAM_2P,AJM_REG_JANFEB,WEEKDAY,178,0,55,109,28,2,Double,AJMAJM_DLX_HARAM_2PAJM_REG_JANFEBWEEKDAY
AJM,AJM_DLX_HARAM_2P,AJM_REG_JANFEB,WEEKEND,192,0,55,109,28,2,Double,AJMAJM_DLX_HARAM_2PAJM_REG_JANFEBWEEKEND
AJM,AJM_STD_CITY_3P,AJM_REG_JANFEB,WEEKDAY,175,0,68,150,28,3,Triple,AJMAJM_STD_CITY_3PAJM_REG_JANFEBWEEKDAY
AJM,AJM_STD_CITY_3P,AJM_REG_JANFEB,WEEKEND,189,0,68,150,28,3,Triple,AJMAJM_STD_CITY_3PAJM_REG_JANFEBWEEKEND
AJM,AJM_STD_CITY_4P,AJM_REG_JANFEB,WEEKDAY,201,0,82,191,28,4,Quad,AJMAJM_STD_CITY_4PAJM_REG_JANFEBWEEKDAY
AJM,AJM_STD_CITY_4P,AJM_REG_JANFEB,WEEKEND,216,0,82,191,28,4,Quad,AJMAJM_STD_CITY_4PAJM_REG_JANFEBWEEKEND
AJM,AJM_DLX_HARAM_3P,AJM_REG_JANFEB,WEEKDAY,204,0,68,150,28,3,Triple,AJMAJM_DLX_HARAM_3PAJM_REG_JANFEBWEEKDAY
AJM,AJM_DLX_HARAM_3P,AJM_REG_JANFEB,WEEKEND,219,0,68,150,28,3,Triple,AJMAJM_DLX_HARAM_3PAJM_REG_JANFEBWEEKEND
AJM,AJM_DLX_HARAM_4P,AJM_REG_JANFEB,WEEKDAY,230,0,82,191,28,4,Quad,AJMAJM_DLX_HARAM_4PAJM_REG_JANFEBWEEKDAY
AJM,AJM_DLX_HARAM_4P,AJM_REG_JANFEB,WEEKEND,245,0,82,191,28,4,Quad,AJMAJM_DLX_HARAM_4PAJM_REG_JANFEBWEEKEND
FMT,FMT_CITY_2P,FRSS_OCT_DEC_2025,WEEKDAY,344,0,,,42,2,Double,FMTFMT_CITY_2PFRSS_OCT_DEC_2025WEEKDAY
FMT,FMT_CITY_3P,FRSS_OCT_DEC_2025,WEEKDAY,388,0,,,42,3,Triple,FMTFMT_CITY_3PFRSS_OCT_DEC_2025WEEKDAY
FMT,FMT_CITY_4P,FRSS_OCT_DEC_2025,WEEKDAY,432,0,,,42,4,Quad,FMTFMT_CITY_4PFRSS_OCT_DEC_2025WEEKDAY
FMT,FMT_CITY_2P,FRSS_OCT_DEC_2025,WEEKEND,382,0,,,42,2,Double,FMTFMT_CITY_2PFRSS_OCT_DEC_2025WEEKEND
FMT,FMT_CITY_3P,FRSS_OCT_DEC_2025,WEEKEND,426,0,,,42,3,Triple,FMTFMT_CITY_3PFRSS_OCT_DEC_2025WEEKEND
FMT,FMT_CITY_4P,FRSS_OCT_DEC_2025,WEEKEND,470,0,,,42,4,Quad,FMTFMT_CITY_4PFRSS_OCT_DEC_2025WEEKEND
FMT,FMT_HARAM_2P,FRSS_OCT_DEC_2025,WEEKDAY,367,0,,,42,2,Double,FMTFMT_HARAM_2PFRSS_OCT_DEC_2025WEEKDAY
FMT,FMT_HARAM_3P,FRSS_OCT_DEC_2025,WEEKDAY,411,0,,,42,3,Triple,FMTFMT_HARAM_3PFRSS_OCT_DEC_2025WEEKDAY
FMT,FMT_HARAM_4P,FRSS_OCT_DEC_2025,WEEKDAY,455,0,,,42,4,Quad,FMTFMT_HARAM_4PFRSS_OCT_DEC_2025WEEKDAY
FMT,FMT_HARAM_2P,FRSS_OCT_DEC_2025,WEEKEND,405,0,,,42,2,Double,FMTFMT_HARAM_2PFRSS_OCT_DEC_2025WEEKEND
FMT,FMT_HARAM_3P,FRSS_OCT_DEC_2025,WEEKEND,449,0,,,42,3,Triple,FMTFMT_HARAM_3PFRSS_OCT_DEC_2025WEEKEND
FMT,FMT_HARAM_4P,FRSS_OCT_DEC_2025,WEEKEND,493,0,,,42,4,Quad,FMTFMT_HARAM_4PFRSS_OCT_DEC_2025WEEKEND
FMT,FMT_KAABA_2P,FRSS_OCT_DEC_2025,WEEKDAY,493,0,,,42,2,Double,FMTFMT_KAABA_2PFRSS_OCT_DEC_2025WEEKDAY
FMT,FMT_KAABA_3P,FRSS_OCT_DEC_2025,WEEKDAY,537,0,,,42,3,Triple,FMTFMT_KAABA_3PFRSS_OCT_DEC_2025WEEKDAY
FMT,FMT_KAABA_2P,FRSS_OCT_DEC_2025,WEEKEND,531,0,,,42,2,Double,FMTFMT_KAABA_2PFRSS_OCT_DEC_2025WEEKEND
FMT,FMT_KAABA_3P,FRSS_OCT_DEC_2025,WEEKEND,575,0,,,42,3,Triple,FMTFMT_KAABA_3PFRSS_OCT_DEC_2025WEEKEND
FMT,FMT_JS_CITY_2P,FRSS_OCT_DEC_2025,WEEKDAY,531,0,,,92,2,Double,FMTFMT_JS_CITY_2PFRSS_OCT_DEC_2025WEEKDAY
FMT,FMT_JS_CITY_3P,FRSS_OCT_DEC_2025,WEEKDAY,575,0,,,92,3,Triple,FMTFMT_JS_CITY_3PFRSS_OCT_DEC_2025WEEKDAY
FMT,FMT_JS_CITY_4P,FRSS_OCT_DEC_2025,WEEKDAY,619,0,,,92,4,Quad,FMTFMT_JS_CITY_4PFRSS_OCT_DEC_2025WEEKDAY
FMT,FMT_JS_CITY_2P,FRSS_OCT_DEC_2025,WEEKEND,567,0,,,92,2,Double,FMTFMT_JS_CITY_2PFRSS_OCT_DEC_2025WEEKEND
FMT,FMT_JS_CITY_3P,FRSS_OCT_DEC_2025,WEEKEND,611,0,,,92,3,Triple,FMTFMT_JS_CITY_3PFRSS_OCT_DEC_2025WEEKEND
FMT,FMT_JS_CITY_4P,FRSS_OCT_DEC_2025,WEEKEND,655,0,,,92,4,Quad,FMTFMT_JS_CITY_4PFRSS_OCT_DEC_2025WEEKEND
FMT,FMT_JS_HARAM_2P,FRSS_OCT_DEC_2025,WEEKDAY,549,0,,,95,2,Double,FMTFMT_JS_HARAM_2PFRSS_OCT_DEC_2025WEEKDAY
FMT,FMT_JS_HARAM_3P,FRSS_OCT_DEC_2025,WEEKDAY,593,0,,,95,3,Triple,FMTFMT_JS_HARAM_3PFRSS_OCT_DEC_2025WEEKDAY
FMT,FMT_JS_HARAM_4P,FRSS_OCT_DEC_2025,WEEKDAY,637,0,,,95,4,Quad,FMTFMT_JS_HARAM_4PFRSS_OCT_DEC_2025WEEKDAY
FMT,FMT_JS_HARAM_2P,FRSS_OCT_DEC_2025,WEEKEND,587,0,,,95,2,Double,FMTFMT_JS_HARAM_2PFRSS_OCT_DEC_2025WEEKEND
FMT,FMT_JS_HARAM_3P,FRSS_OCT_DEC_2025,WEEKEND,631,0,,,95,3,Triple,FMTFMT_JS_HARAM_3PFRSS_OCT_DEC_2025WEEKEND
FMT,FMT_JS_HARAM_4P,FRSS_OCT_DEC_2025,WEEKEND,675,0,,,95,4,Quad,FMTFMT_JS_HARAM_4PFRSS_OCT_DEC_2025WEEKEND
FMT,FMT_JS_KAABA_2P,FRSS_OCT_DEC_2025,WEEKDAY,616,0,,,95,2,Double,FMTFMT_JS_KAABA_2PFRSS_OCT_DEC_2025WEEKDAY
FMT,FMT_JS_KAABA_3P,FRSS_OCT_DEC_2025,WEEKDAY,660,0,,,95,3,Triple,FMTFMT_JS_KAABA_3PFRSS_OCT_DEC_2025WEEKDAY
FMT,FMT_JS_KAABA_4P,FRSS_OCT_DEC_2025,WEEKDAY,704,0,,,95,4,Quad,FMTFMT_JS_KAABA_4PFRSS_OCT_DEC_2025WEEKDAY
FMT,FMT_JS_KAABA_2P,FRSS_OCT_DEC_2025,WEEKEND,655,0,,,95,2,Double,FMTFMT_JS_KAABA_2PFRSS_OCT_DEC_2025WEEKEND
FMT,FMT_JS_KAABA_3P,FRSS_OCT_DEC_2025,WEEKEND,698,0,,,95,3,Triple,FMTFMT_JS_KAABA_3PFRSS_OCT_DEC_2025WEEKEND
FMT,FMT_JS_KAABA_4P,FRSS_OCT_DEC_2025,WEEKEND,742,0,,,95,4,Quad,FMTFMT_JS_KAABA_4PFRSS_OCT_DEC_2025WEEKEND
FMT,FMT_GOLD_CITY_2P,FRSS_OCT_DEC_2025,WEEKDAY,458,0,,,92,2,Double,FMTFMT_GOLD_CITY_2PFRSS_OCT_DEC_2025WEEKDAY
FMT,FMT_GOLD_CITY_3P,FRSS_OCT_DEC_2025,WEEKDAY,531,0,,,92,3,Triple,FMTFMT_GOLD_CITY_3PFRSS_OCT_DEC_2025WEEKDAY
FMT,FMT_GOLD_CITY_2P,FRSS_OCT_DEC_2025,WEEKEND,523,0,,,92,2,Double,FMTFMT_GOLD_CITY_2PFRSS_OCT_DEC_2025WEEKEND
FMT,FMT_GOLD_CITY_3P,FRSS_OCT_DEC_2025,WEEKEND,596,0,,,92,3,Triple,FMTFMT_GOLD_CITY_3PFRSS_OCT_DEC_2025WEEKEND
FMT,FMT_CITY_2P,FRSS_DEC_JAN_2026,WEEKDAY,531,0,,,42,2,Double,FMTFMT_CITY_2PFRSS_DEC_JAN_2026WEEKDAY
FMT,FMT_CITY_3P,FRSS_DEC_JAN_2026,WEEKDAY,575,0,,,42,3,Triple,FMTFMT_CITY_3PFRSS_DEC_JAN_2026WEEKDAY
FMT,FMT_CITY_4P,FRSS_DEC_JAN_2026,WEEKDAY,619,0,,,42,4,Quad,FMTFMT_CITY_4PFRSS_DEC_JAN_2026WEEKDAY
FMT,FMT_CITY_2P,FRSS_DEC_JAN_2026,WEEKEND,567,0,,,42,2,Double,FMTFMT_CITY_2PFRSS_DEC_JAN_2026WEEKEND
FMT,FMT_CITY_3P,FRSS_DEC_JAN_2026,WEEKEND,611,0,,,42,3,Triple,FMTFMT_CITY_3PFRSS_DEC_JAN_2026WEEKEND
FMT,FMT_CITY_4P,FRSS_DEC_JAN_2026,WEEKEND,655,0,,,42,4,Quad,FMTFMT_CITY_4PFRSS_DEC_JAN_2026WEEKEND
FMT,FMT_HARAM_2P,FRSS_DEC_JAN_2026,WEEKDAY,555,0,,,42,2,Double,FMTFMT_HARAM_2PFRSS_DEC_JAN_2026WEEKDAY
FMT,FMT_HARAM_3P,FRSS_DEC_JAN_2026,WEEKDAY,599,0,,,42,3,Triple,FMTFMT_HARAM_3PFRSS_DEC_JAN_2026WEEKDAY
FMT,FMT_HARAM_4P,FRSS_DEC_JAN_2026,WEEKDAY,643,0,,,42,4,Quad,FMTFMT_HARAM_4PFRSS_DEC_JAN_2026WEEKDAY
FMT,FMT_HARAM_2P,FRSS_DEC_JAN_2026,WEEKEND,593,0,,,42,2,Double,FMTFMT_HARAM_2PFRSS_DEC_JAN_2026WEEKEND
FMT,FMT_HARAM_3P,FRSS_DEC_JAN_2026,WEEKEND,637,0,,,42,3,Triple,FMTFMT_HARAM_3PFRSS_DEC_JAN_2026WEEKEND
FMT,FMT_HARAM_4P,FRSS_DEC_JAN_2026,WEEKEND,681,0,,,42,4,Quad,FMTFMT_HARAM_4PFRSS_DEC_JAN_2026WEEKEND
FMT,FMT_KAABA_2P,FRSS_DEC_JAN_2026,WEEKDAY,704,0,,,42,2,Double,FMTFMT_KAABA_2PFRSS_DEC_JAN_2026WEEKDAY
FMT,FMT_KAABA_3P,FRSS_DEC_JAN_2026,WEEKDAY,748,0,,,42,3,Triple,FMTFMT_KAABA_3PFRSS_DEC_JAN_2026WEEKDAY
FMT,FMT_KAABA_2P,FRSS_DEC_JAN_2026,WEEKEND,742,0,,,42,2,Double,FMTFMT_KAABA_2PFRSS_DEC_JAN_2026WEEKEND
FMT,FMT_KAABA_3P,FRSS_DEC_JAN_2026,WEEKEND,786,0,,,42,3,Triple,FMTFMT_KAABA_3PFRSS_DEC_JAN_2026WEEKEND
FMT,FMT_JS_CITY_2P,FRSS_DEC_JAN_2026,WEEKDAY,716,0,,,92,2,Double,FMTFMT_JS_CITY_2PFRSS_DEC_JAN_2026WEEKDAY
FMT,FMT_JS_CITY_3P,FRSS_DEC_JAN_2026,WEEKDAY,760,0,,,92,3,Triple,FMTFMT_JS_CITY_3PFRSS_DEC_JAN_2026WEEKDAY
FMT,FMT_JS_CITY_4P,FRSS_DEC_JAN_2026,WEEKDAY,804,0,,,92,4,Quad,FMTFMT_JS_CITY_4PFRSS_DEC_JAN_2026WEEKDAY
FMT,FMT_JS_CITY_2P,FRSS_DEC_JAN_2026,WEEKEND,754,0,,,92,2,Double,FMTFMT_JS_CITY_2PFRSS_DEC_JAN_2026WEEKEND
FMT,FMT_JS_CITY_3P,FRSS_DEC_JAN_2026,WEEKEND,798,0,,,92,3,Triple,FMTFMT_JS_CITY_3PFRSS_DEC_JAN_2026WEEKEND
FMT,FMT_JS_CITY_4P,FRSS_DEC_JAN_2026,WEEKEND,842,0,,,92,4,Quad,FMTFMT_JS_CITY_4PFRSS_DEC_JAN_2026WEEKEND
FMT,FMT_JS_HARAM_2P,FRSS_DEC_JAN_2026,WEEKDAY,772,0,,,95,2,Double,FMTFMT_JS_HARAM_2PFRSS_DEC_JAN_2026WEEKDAY
FMT,FMT_JS_HARAM_3P,FRSS_DEC_JAN_2026,WEEKDAY,816,0,,,95,3,Triple,FMTFMT_JS_HARAM_3PFRSS_DEC_JAN_2026WEEKDAY
FMT,FMT_JS_HARAM_4P,FRSS_DEC_JAN_2026,WEEKDAY,860,0,,,95,4,Quad,FMTFMT_JS_HARAM_4PFRSS_DEC_JAN_2026WEEKDAY
FMT,FMT_JS_HARAM_2P,FRSS_DEC_JAN_2026,WEEKEND,810,0,,,95,2,Double,FMTFMT_JS_HARAM_2PFRSS_DEC_JAN_2026WEEKEND
FMT,FMT_JS_HARAM_3P,FRSS_DEC_JAN_2026,WEEKEND,854,0,,,95,3,Triple,FMTFMT_JS_HARAM_3PFRSS_DEC_JAN_2026WEEKEND
FMT,FMT_JS_HARAM_4P,FRSS_DEC_JAN_2026,WEEKEND,898,0,,,95,4,Quad,FMTFMT_JS_HARAM_4PFRSS_DEC_JAN_2026WEEKEND
FMT,FMT_JS_KAABA_2P,FRSS_DEC_JAN_2026,WEEKDAY,830,0,,,95,2,Double,FMTFMT_JS_KAABA_2PFRSS_DEC_JAN_2026WEEKDAY
FMT,FMT_JS_KAABA_3P,FRSS_DEC_JAN_2026,WEEKDAY,874,0,,,95,3,Triple,FMTFMT_JS_KAABA_3PFRSS_DEC_JAN_2026WEEKDAY
FMT,FMT_JS_KAABA_4P,FRSS_DEC_JAN_2026,WEEKDAY,918,0,,,95,4,Quad,FMTFMT_JS_KAABA_4PFRSS_DEC_JAN_2026WEEKDAY
FMT,FMT_JS_KAABA_2P,FRSS_DEC_JAN_2026,WEEKEND,865,0,,,95,2,Double,FMTFMT_JS_KAABA_2PFRSS_DEC_JAN_2026WEEKEND
FMT,FMT_JS_KAABA_3P,FRSS_DEC_JAN_2026,WEEKEND,909,0,,,95,3,Triple,FMTFMT_JS_KAABA_3PFRSS_DEC_JAN_2026WEEKEND
FMT,FMT_JS_KAABA_4P,FRSS_DEC_JAN_2026,WEEKEND,953,0,,,95,4,Quad,FMTFMT_JS_KAABA_4PFRSS_DEC_JAN_2026WEEKEND
FMT,FMT_GOLD_CITY_2P,FRSS_DEC_JAN_2026,WEEKDAY,655,0,,,92,2,Double,FMTFMT_GOLD_CITY_2PFRSS_DEC_JAN_2026WEEKDAY
FMT,FMT_GOLD_CITY_3P,FRSS_DEC_JAN_2026,WEEKDAY,728,0,,,92,3,Triple,FMTFMT_GOLD_CITY_3PFRSS_DEC_JAN_2026WEEKDAY
FMT,FMT_GOLD_CITY_2P,FRSS_DEC_JAN_2026,WEEKEND,725,0,,,92,2,Double,FMTFMT_GOLD_CITY_2PFRSS_DEC_JAN_2026WEEKEND
FMT,FMT_GOLD_CITY_3P,FRSS_DEC_JAN_2026,WEEKEND,798,0,,,92,3,Triple,FMTFMT_GOLD_CITY_3PFRSS_DEC_JAN_2026WEEKEND
FMT,FMT_CITY_2P,FRSS_JAN_FEB_2026,WEEKDAY,276,0,,,42,2,Double,FMTFMT_CITY_2PFRSS_JAN_FEB_2026WEEKDAY
FMT,FMT_CITY_3P,FRSS_JAN_FEB_2026,WEEKDAY,320,0,,,42,3,Triple,FMTFMT_CITY_3PFRSS_JAN_FEB_2026WEEKDAY
FMT,FMT_CITY_4P,FRSS_JAN_FEB_2026,WEEKDAY,364,0,,,42,4,Quad,FMTFMT_CITY_4PFRSS_JAN_FEB_2026WEEKDAY
FMT,FMT_CITY_2P,FRSS_JAN_FEB_2026,WEEKEND,311,0,,,42,2,Double,FMTFMT_CITY_2PFRSS_JAN_FEB_2026WEEKEND
FMT,FMT_CITY_3P,FRSS_JAN_FEB_2026,WEEKEND,355,0,,,42,3,Triple,FMTFMT_CITY_3PFRSS_JAN_FEB_2026WEEKEND
FMT,FMT_CITY_4P,FRSS_JAN_FEB_2026,WEEKEND,399,0,,,42,4,Quad,FMTFMT_CITY_4PFRSS_JAN_FEB_2026WEEKEND
FMT,FMT_HARAM_2P,FRSS_JAN_FEB_2026,WEEKDAY,300,0,,,42,2,Double,FMTFMT_HARAM_2PFRSS_JAN_FEB_2026WEEKDAY
FMT,FMT_HARAM_3P,FRSS_JAN_FEB_2026,WEEKDAY,344,0,,,42,3,Triple,FMTFMT_HARAM_3PFRSS_JAN_FEB_2026WEEKDAY
FMT,FMT_HARAM_4P,FRSS_JAN_FEB_2026,WEEKDAY,388,0,,,42,4,Quad,FMTFMT_HARAM_4PFRSS_JAN_FEB_2026WEEKDAY
FMT,FMT_HARAM_2P,FRSS_JAN_FEB_2026,WEEKEND,338,0,,,42,2,Double,FMTFMT_HARAM_2PFRSS_JAN_FEB_2026WEEKEND
FMT,FMT_HARAM_3P,FRSS_JAN_FEB_2026,WEEKEND,382,0,,,42,3,Triple,FMTFMT_HARAM_3PFRSS_JAN_FEB_2026WEEKEND
FMT,FMT_HARAM_4P,FRSS_JAN_FEB_2026,WEEKEND,426,0,,,42,4,Quad,FMTFMT_HARAM_4PFRSS_JAN_FEB_2026WEEKEND
FMT,FMT_KAABA_2P,FRSS_JAN_FEB_2026,WEEKDAY,426,0,,,42,2,Double,FMTFMT_KAABA_2PFRSS_JAN_FEB_2026WEEKDAY
FMT,FMT_KAABA_3P,FRSS_JAN_FEB_2026,WEEKDAY,470,0,,,42,3,Triple,FMTFMT_KAABA_3PFRSS_JAN_FEB_2026WEEKDAY
FMT,FMT_KAABA_2P,FRSS_JAN_FEB_2026,WEEKEND,461,0,,,42,2,Double,FMTFMT_KAABA_2PFRSS_JAN_FEB_2026WEEKEND
FMT,FMT_KAABA_3P,FRSS_JAN_FEB_2026,WEEKEND,505,0,,,42,3,Triple,FMTFMT_KAABA_3PFRSS_JAN_FEB_2026WEEKEND
FMT,FMT_JS_CITY_2P,FRSS_JAN_FEB_2026,WEEKDAY,461,0,,,92,2,Double,FMTFMT_JS_CITY_2PFRSS_JAN_FEB_2026WEEKDAY
FMT,FMT_JS_CITY_3P,FRSS_JAN_FEB_2026,WEEKDAY,505,0,,,92,3,Triple,FMTFMT_JS_CITY_3PFRSS_JAN_FEB_2026WEEKDAY
FMT,FMT_JS_CITY_4P,FRSS_JAN_FEB_2026,WEEKDAY,549,0,,,92,4,Quad,FMTFMT_JS_CITY_4PFRSS_JAN_FEB_2026WEEKDAY
FMT,FMT_JS_CITY_2P,FRSS_JAN_FEB_2026,WEEKEND,499,0,,,92,2,Double,FMTFMT_JS_CITY_2PFRSS_JAN_FEB_2026WEEKEND
FMT,FMT_JS_CITY_3P,FRSS_JAN_FEB_2026,WEEKEND,543,0,,,92,3,Triple,FMTFMT_JS_CITY_3PFRSS_JAN_FEB_2026WEEKEND
FMT,FMT_JS_CITY_4P,FRSS_JAN_FEB_2026,WEEKEND,587,0,,,92,4,Quad,FMTFMT_JS_CITY_4PFRSS_JAN_FEB_2026WEEKEND
FMT,FMT_JS_HARAM_2P,FRSS_JAN_FEB_2026,WEEKDAY,482,0,,,95,2,Double,FMTFMT_JS_HARAM_2PFRSS_JAN_FEB_2026WEEKDAY
FMT,FMT_JS_HARAM_3P,FRSS_JAN_FEB_2026,WEEKDAY,526,0,,,95,3,Triple,FMTFMT_JS_HARAM_3PFRSS_JAN_FEB_2026WEEKDAY
FMT,FMT_JS_HARAM_4P,FRSS_JAN_FEB_2026,WEEKDAY,570,0,,,95,4,Quad,FMTFMT_JS_HARAM_4PFRSS_JAN_FEB_2026WEEKDAY
FMT,FMT_JS_HARAM_2P,FRSS_JAN_FEB_2026,WEEKEND,520,0,,,95,2,Double,FMTFMT_JS_HARAM_2PFRSS_JAN_FEB_2026WEEKEND
FMT,FMT_JS_HARAM_3P,FRSS_JAN_FEB_2026,WEEKEND,564,0,,,95,3,Triple,FMTFMT_JS_HARAM_3PFRSS_JAN_FEB_2026WEEKEND
FMT,FMT_JS_HARAM_4P,FRSS_JAN_FEB_2026,WEEKEND,608,0,,,95,4,Quad,FMTFMT_JS_HARAM_4PFRSS_JAN_FEB_2026WEEKEND
FMT,FMT_JS_KAABA_2P,FRSS_JAN_FEB_2026,WEEKDAY,549,0,,,95,2,Double,FMTFMT_JS_KAABA_2PFRSS_JAN_FEB_2026WEEKDAY
FMT,FMT_JS_KAABA_3P,FRSS_JAN_FEB_2026,WEEKDAY,593,0,,,95,3,Triple,FMTFMT_JS_KAABA_3PFRSS_JAN_FEB_2026WEEKDAY
FMT,FMT_JS_KAABA_4P,FRSS_JAN_FEB_2026,WEEKDAY,637,0,,,95,4,Quad,FMTFMT_JS_KAABA_4PFRSS_JAN_FEB_2026WEEKDAY
FMT,FMT_JS_KAABA_2P,FRSS_JAN_FEB_2026,WEEKEND,587,0,,,95,2,Double,FMTFMT_JS_KAABA_2PFRSS_JAN_FEB_2026WEEKEND
FMT,FMT_JS_KAABA_3P,FRSS_JAN_FEB_2026,WEEKEND,631,0,,,95,3,Triple,FMTFMT_JS_KAABA_3PFRSS_JAN_FEB_2026WEEKEND
FMT,FMT_JS_KAABA_4P,FRSS_JAN_FEB_2026,WEEKEND,675,0,,,95,4,Quad,FMTFMT_JS_KAABA_4PFRSS_JAN_FEB_2026WEEKEND
FMT,FMT_GOLD_CITY_2P,FRSS_JAN_FEB_2026,WEEKDAY,388,0,,,92,2,Double,FMTFMT_GOLD_CITY_2PFRSS_JAN_FEB_2026WEEKDAY
FMT,FMT_GOLD_CITY_3P,FRSS_JAN_FEB_2026,WEEKDAY,461,0,,,92,3,Triple,FMTFMT_GOLD_CITY_3PFRSS_JAN_FEB_2026WEEKDAY
FMT,FMT_GOLD_CITY_2P,FRSS_JAN_FEB_2026,WEEKEND,452,0,,,92,2,Double,FMTFMT_GOLD_CITY_2PFRSS_JAN_FEB_2026WEEKEND
FMT,FMT_GOLD_CITY_3P,FRSS_JAN_FEB_2026,WEEKEND,526,0,,,92,3,Triple,FMTFMT_GOLD_CITY_3PFRSS_JAN_FEB_2026WEEKEND
FMT,FMT_CITY_2P,FRSS_MAR_APR_2026,WEEKDAY,262,0,,,42,2,Double,FMTFMT_CITY_2PFRSS_MAR_APR_2026WEEKDAY
FMT,FMT_CITY_3P,FRSS_MAR_APR_2026,WEEKDAY,306,0,,,42,3,Triple,FMTFMT_CITY_3PFRSS_MAR_APR_2026WEEKDAY
FMT,FMT_CITY_4P,FRSS_MAR_APR_2026,WEEKDAY,350,0,,,42,4,Quad,FMTFMT_CITY_4PFRSS_MAR_APR_2026WEEKDAY
FMT,FMT_CITY_2P,FRSS_MAR_APR_2026,WEEKEND,300,0,,,42,2,Double,FMTFMT_CITY_2PFRSS_MAR_APR_2026WEEKEND
FMT,FMT_CITY_3P,FRSS_MAR_APR_2026,WEEKEND,344,0,,,42,3,Triple,FMTFMT_CITY_3PFRSS_MAR_APR_2026WEEKEND
FMT,FMT_CITY_4P,FRSS_MAR_APR_2026,WEEKEND,388,0,,,42,4,Quad,FMTFMT_CITY_4PFRSS_MAR_APR_2026WEEKEND
FMT,FMT_HARAM_2P,FRSS_MAR_APR_2026,WEEKDAY,288,0,,,42,2,Double,FMTFMT_HARAM_2PFRSS_MAR_APR_2026WEEKDAY
FMT,FMT_HARAM_3P,FRSS_MAR_APR_2026,WEEKDAY,332,0,,,42,3,Triple,FMTFMT_HARAM_3PFRSS_MAR_APR_2026WEEKDAY
FMT,FMT_HARAM_4P,FRSS_MAR_APR_2026,WEEKDAY,376,0,,,42,4,Quad,FMTFMT_HARAM_4PFRSS_MAR_APR_2026WEEKDAY
FMT,FMT_HARAM_2P,FRSS_MAR_APR_2026,WEEKEND,326,0,,,42,2,Double,FMTFMT_HARAM_2PFRSS_MAR_APR_2026WEEKEND
FMT,FMT_HARAM_3P,FRSS_MAR_APR_2026,WEEKEND,370,0,,,42,3,Triple,FMTFMT_HARAM_3PFRSS_MAR_APR_2026WEEKEND
FMT,FMT_HARAM_4P,FRSS_MAR_APR_2026,WEEKEND,414,0,,,42,4,Quad,FMTFMT_HARAM_4PFRSS_MAR_APR_2026WEEKEND
FMT,FMT_KAABA_2P,FRSS_MAR_APR_2026,WEEKDAY,411,0,,,42,2,Double,FMTFMT_KAABA_2PFRSS_MAR_APR_2026WEEKDAY
FMT,FMT_KAABA_3P,FRSS_MAR_APR_2026,WEEKDAY,455,0,,,42,3,Triple,FMTFMT_KAABA_3PFRSS_MAR_APR_2026WEEKDAY
FMT,FMT_KAABA_2P,FRSS_MAR_APR_2026,WEEKEND,449,0,,,42,2,Double,FMTFMT_KAABA_2PFRSS_MAR_APR_2026WEEKEND
FMT,FMT_KAABA_3P,FRSS_MAR_APR_2026,WEEKEND,493,0,,,42,3,Triple,FMTFMT_KAABA_3PFRSS_MAR_APR_2026WEEKEND
FMT,FMT_JS_CITY_2P,FRSS_MAR_APR_2026,WEEKDAY,388,0,,,92,2,Double,FMTFMT_JS_CITY_2PFRSS_MAR_APR_2026WEEKDAY
FMT,FMT_JS_CITY_3P,FRSS_MAR_APR_2026,WEEKDAY,432,0,,,92,3,Triple,FMTFMT_JS_CITY_3PFRSS_MAR_APR_2026WEEKDAY
FMT,FMT_JS_CITY_4P,FRSS_MAR_APR_2026,WEEKDAY,476,0,,,92,4,Quad,FMTFMT_JS_CITY_4PFRSS_MAR_APR_2026WEEKDAY
FMT,FMT_JS_CITY_2P,FRSS_MAR_APR_2026,WEEKEND,426,0,,,92,2,Double,FMTFMT_JS_CITY_2PFRSS_MAR_APR_2026WEEKEND
FMT,FMT_JS_CITY_3P,FRSS_MAR_APR_2026,WEEKEND,470,0,,,92,3,Triple,FMTFMT_JS_CITY_3PFRSS_MAR_APR_2026WEEKEND
FMT,FMT_JS_CITY_4P,FRSS_MAR_APR_2026,WEEKEND,514,0,,,92,4,Quad,FMTFMT_JS_CITY_4PFRSS_MAR_APR_2026WEEKEND
FMT,FMT_JS_HARAM_2P,FRSS_MAR_APR_2026,WEEKDAY,426,0,,,95,2,Double,FMTFMT_JS_HARAM_2PFRSS_MAR_APR_2026WEEKDAY
FMT,FMT_JS_HARAM_3P,FRSS_MAR_APR_2026,WEEKDAY,470,0,,,95,3,Triple,FMTFMT_JS_HARAM_3PFRSS_MAR_APR_2026WEEKDAY
FMT,FMT_JS_HARAM_4P,FRSS_MAR_APR_2026,WEEKDAY,514,0,,,95,4,Quad,FMTFMT_JS_HARAM_4PFRSS_MAR_APR_2026WEEKDAY
FMT,FMT_JS_HARAM_2P,FRSS_MAR_APR_2026,WEEKEND,464,0,,,95,2,Double,FMTFMT_JS_HARAM_2PFRSS_MAR_APR_2026WEEKEND
FMT,FMT_JS_HARAM_3P,FRSS_MAR_APR_2026,WEEKEND,508,0,,,95,3,Triple,FMTFMT_JS_HARAM_3PFRSS_MAR_APR_2026WEEKEND
FMT,FMT_JS_HARAM_4P,FRSS_MAR_APR_2026,WEEKEND,552,0,,,95,4,Quad,FMTFMT_JS_HARAM_4PFRSS_MAR_APR_2026WEEKEND
FMT,FMT_JS_KAABA_2P,FRSS_MAR_APR_2026,WEEKDAY,537,0,,,95,2,Double,FMTFMT_JS_KAABA_2PFRSS_MAR_APR_2026WEEKDAY
FMT,FMT_JS_KAABA_3P,FRSS_MAR_APR_2026,WEEKDAY,581,0,,,95,3,Triple,FMTFMT_JS_KAABA_3PFRSS_MAR_APR_2026WEEKDAY
FMT,FMT_JS_KAABA_4P,FRSS_MAR_APR_2026,WEEKDAY,625,0,,,95,4,Quad,FMTFMT_JS_KAABA_4PFRSS_MAR_APR_2026WEEKDAY
FMT,FMT_JS_KAABA_2P,FRSS_MAR_APR_2026,WEEKEND,575,0,,,95,2,Double,FMTFMT_JS_KAABA_2PFRSS_MAR_APR_2026WEEKEND
FMT,FMT_JS_KAABA_3P,FRSS_MAR_APR_2026,WEEKEND,619,0,,,95,3,Triple,FMTFMT_JS_KAABA_3PFRSS_MAR_APR_2026WEEKEND
FMT,FMT_JS_KAABA_4P,FRSS_MAR_APR_2026,WEEKEND,663,0,,,95,4,Quad,FMTFMT_JS_KAABA_4PFRSS_MAR_APR_2026WEEKEND
FMT,FMT_GOLD_CITY_2P,FRSS_MAR_APR_2026,WEEKDAY,373,0,,,92,2,Double,FMTFMT_GOLD_CITY_2PFRSS_MAR_APR_2026WEEKDAY
FMT,FMT_GOLD_CITY_3P,FRSS_MAR_APR_2026,WEEKDAY,446,0,,,92,3,Triple,FMTFMT_GOLD_CITY_3PFRSS_MAR_APR_2026WEEKDAY
FMT,FMT_GOLD_CITY_2P,FRSS_MAR_APR_2026,WEEKEND,440,0,,,92,2,Double,FMTFMT_GOLD_CITY_2PFRSS_MAR_APR_2026WEEKEND
FMT,FMT_GOLD_CITY_3P,FRSS_MAR_APR_2026,WEEKEND,514,0,,,92,3,Triple,FMTFMT_GOLD_CITY_3PFRSS_MAR_APR_2026WEEKEND
FMT,FMT_CITY_2P,FRSS_APR_JUN_2026,WEEKDAY,203,0,,,42,2,Double,FMTFMT_CITY_2PFRSS_APR_JUN_2026WEEKDAY
FMT,FMT_CITY_3P,FRSS_APR_JUN_2026,WEEKDAY,247,0,,,42,3,Triple,FMTFMT_CITY_3PFRSS_APR_JUN_2026WEEKDAY
FMT,FMT_CITY_4P,FRSS_APR_JUN_2026,WEEKDAY,291,0,,,42,4,Quad,FMTFMT_CITY_4PFRSS_APR_JUN_2026WEEKDAY
FMT,FMT_CITY_2P,FRSS_APR_JUN_2026,WEEKEND,203,0,,,42,2,Double,FMTFMT_CITY_2PFRSS_APR_JUN_2026WEEKEND
FMT,FMT_CITY_3P,FRSS_APR_JUN_2026,WEEKEND,247,0,,,42,3,Triple,FMTFMT_CITY_3PFRSS_APR_JUN_2026WEEKEND
FMT,FMT_CITY_4P,FRSS_APR_JUN_2026,WEEKEND,291,0,,,42,4,Quad,FMTFMT_CITY_4PFRSS_APR_JUN_2026WEEKEND
FMT,FMT_HARAM_2P,FRSS_APR_JUN_2026,WEEKDAY,229,0,,,42,2,Double,FMTFMT_HARAM_2PFRSS_APR_JUN_2026WEEKDAY
FMT,FMT_HARAM_3P,FRSS_APR_JUN_2026,WEEKDAY,273,0,,,42,3,Triple,FMTFMT_HARAM_3PFRSS_APR_JUN_2026WEEKDAY
FMT,FMT_HARAM_4P,FRSS_APR_JUN_2026,WEEKDAY,317,0,,,42,4,Quad,FMTFMT_HARAM_4PFRSS_APR_JUN_2026WEEKDAY
FMT,FMT_HARAM_2P,FRSS_APR_JUN_2026,WEEKEND,229,0,,,42,2,Double,FMTFMT_HARAM_2PFRSS_APR_JUN_2026WEEKEND
FMT,FMT_HARAM_3P,FRSS_APR_JUN_2026,WEEKEND,273,0,,,42,3,Triple,FMTFMT_HARAM_3PFRSS_APR_JUN_2026WEEKEND
FMT,FMT_HARAM_4P,FRSS_APR_JUN_2026,WEEKEND,317,0,,,42,4,Quad,FMTFMT_HARAM_4PFRSS_APR_JUN_2026WEEKEND
FMT,FMT_KAABA_2P,FRSS_APR_JUN_2026,WEEKDAY,341,0,,,42,2,Double,FMTFMT_KAABA_2PFRSS_APR_JUN_2026WEEKDAY
FMT,FMT_KAABA_3P,FRSS_APR_JUN_2026,WEEKDAY,385,0,,,42,3,Triple,FMTFMT_KAABA_3PFRSS_APR_JUN_2026WEEKDAY
FMT,FMT_KAABA_2P,FRSS_APR_JUN_2026,WEEKEND,341,0,,,42,2,Double,FMTFMT_KAABA_2PFRSS_APR_JUN_2026WEEKEND
FMT,FMT_KAABA_3P,FRSS_APR_JUN_2026,WEEKEND,385,0,,,42,3,Triple,FMTFMT_KAABA_3PFRSS_APR_JUN_2026WEEKEND
FMT,FMT_JS_CITY_2P,FRSS_APR_JUN_2026,WEEKDAY,317,0,,,92,2,Double,FMTFMT_JS_CITY_2PFRSS_APR_JUN_2026WEEKDAY
FMT,FMT_JS_CITY_3P,FRSS_APR_JUN_2026,WEEKDAY,361,0,,,92,3,Triple,FMTFMT_JS_CITY_3PFRSS_APR_JUN_2026WEEKDAY
FMT,FMT_JS_CITY_4P,FRSS_APR_JUN_2026,WEEKDAY,405,0,,,92,4,Quad,FMTFMT_JS_CITY_4PFRSS_APR_JUN_2026WEEKDAY
FMT,FMT_JS_CITY_2P,FRSS_APR_JUN_2026,WEEKEND,317,0,,,92,2,Double,FMTFMT_JS_CITY_2PFRSS_APR_JUN_2026WEEKEND
FMT,FMT_JS_CITY_3P,FRSS_APR_JUN_2026,WEEKEND,361,0,,,92,3,Triple,FMTFMT_JS_CITY_3PFRSS_APR_JUN_2026WEEKEND
FMT,FMT_JS_CITY_4P,FRSS_APR_JUN_2026,WEEKEND,405,0,,,92,4,Quad,FMTFMT_JS_CITY_4PFRSS_APR_JUN_2026WEEKEND
FMT,FMT_JS_HARAM_2P,FRSS_APR_JUN_2026,WEEKDAY,352,0,,,95,2,Double,FMTFMT_JS_HARAM_2PFRSS_APR_JUN_2026WEEKDAY
FMT,FMT_JS_HARAM_3P,FRSS_APR_JUN_2026,WEEKDAY,396,0,,,95,3,Triple,FMTFMT_JS_HARAM_3PFRSS_APR_JUN_2026WEEKDAY
FMT,FMT_JS_HARAM_4P,FRSS_APR_JUN_2026,WEEKDAY,440,0,,,95,4,Quad,FMTFMT_JS_HARAM_4PFRSS_APR_JUN_2026WEEKDAY
FMT,FMT_JS_HARAM_2P,FRSS_APR_JUN_2026,WEEKEND,352,0,,,95,2,Double,FMTFMT_JS_HARAM_2PFRSS_APR_JUN_2026WEEKEND
FMT,FMT_JS_HARAM_3P,FRSS_APR_JUN_2026,WEEKEND,396,0,,,95,3,Triple,FMTFMT_JS_HARAM_3PFRSS_APR_JUN_2026WEEKEND
FMT,FMT_JS_HARAM_4P,FRSS_APR_JUN_2026,WEEKEND,440,0,,,95,4,Quad,FMTFMT_JS_HARAM_4PFRSS_APR_JUN_2026WEEKEND
FMT,FMT_JS_KAABA_2P,FRSS_APR_JUN_2026,WEEKDAY,452,0,,,95,2,Double,FMTFMT_JS_KAABA_2PFRSS_APR_JUN_2026WEEKDAY
FMT,FMT_JS_KAABA_3P,FRSS_APR_JUN_2026,WEEKDAY,496,0,,,95,3,Triple,FMTFMT_JS_KAABA_3PFRSS_APR_JUN_2026WEEKDAY
FMT,FMT_JS_KAABA_4P,FRSS_APR_JUN_2026,WEEKDAY,540,0,,,95,4,Quad,FMTFMT_JS_KAABA_4PFRSS_APR_JUN_2026WEEKDAY
FMT,FMT_JS_KAABA_2P,FRSS_APR_JUN_2026,WEEKEND,452,0,,,95,2,Double,FMTFMT_JS_KAABA_2PFRSS_APR_JUN_2026WEEKEND
FMT,FMT_JS_KAABA_3P,FRSS_APR_JUN_2026,WEEKEND,496,0,,,95,3,Triple,FMTFMT_JS_KAABA_3PFRSS_APR_JUN_2026WEEKEND
FMT,FMT_JS_KAABA_4P,FRSS_APR_JUN_2026,WEEKEND,540,0,,,95,4,Quad,FMTFMT_JS_KAABA_4PFRSS_APR_JUN_2026WEEKEND
FMT,FMT_GOLD_CITY_2P,FRSS_APR_JUN_2026,WEEKDAY,308,0,,,92,2,Double,FMTFMT_GOLD_CITY_2PFRSS_APR_JUN_2026WEEKDAY
FMT,FMT_GOLD_CITY_3P,FRSS_APR_JUN_2026,WEEKDAY,382,0,,,92,3,Triple,FMTFMT_GOLD_CITY_3PFRSS_APR_JUN_2026WEEKDAY
FMT,FMT_GOLD_CITY_2P,FRSS_APR_JUN_2026,WEEKEND,338,0,,,92,2,Double,FMTFMT_GOLD_CITY_2PFRSS_APR_JUN_2026WEEKEND
FMT,FMT_GOLD_CITY_3P,FRSS_APR_JUN_2026,WEEKEND,411,0,,,92,3,Triple,FMTFMT_GOLD_CITY_3PFRSS_APR_JUN_2026WEEKEND
RAF,RAF_SIG_CITY_2P,FRSS_OCT_DEC_2025,WEEKDAY,473,0,,,80,2,Double,RAFRAF_SIG_CITY_2PFRSS_OCT_DEC_2025WEEKDAY
RAF,RAF_SIG_CITY_3P,FRSS_OCT_DEC_2025,WEEKDAY,517,0,,,80,3,Triple,RAFRAF_SIG_CITY_3PFRSS_OCT_DEC_2025WEEKDAY
RAF,RAF_SIG_CITY_2P,FRSS_OCT_DEC_2025,WEEKEND,508,0,,,80,2,Double,RAFRAF_SIG_CITY_2PFRSS_OCT_DEC_2025WEEKEND
RAF,RAF_SIG_CITY_3P,FRSS_OCT_DEC_2025,WEEKEND,552,0,,,80,3,Triple,RAFRAF_SIG_CITY_3PFRSS_OCT_DEC_2025WEEKEND
RAF,RAF_SIG_HARAM_2P,FRSS_OCT_DEC_2025,WEEKDAY,496,0,,,80,2,Double,RAFRAF_SIG_HARAM_2PFRSS_OCT_DEC_2025WEEKDAY
RAF,RAF_SIG_HARAM_3P,FRSS_OCT_DEC_2025,WEEKDAY,540,0,,,80,3,Triple,RAFRAF_SIG_HARAM_3PFRSS_OCT_DEC_2025WEEKDAY
RAF,RAF_SIG_HARAM_2P,FRSS_OCT_DEC_2025,WEEKEND,546,0,,,80,2,Double,RAFRAF_SIG_HARAM_2PFRSS_OCT_DEC_2025WEEKEND
RAF,RAF_SIG_HARAM_3P,FRSS_OCT_DEC_2025,WEEKEND,590,0,,,80,3,Triple,RAFRAF_SIG_HARAM_3PFRSS_OCT_DEC_2025WEEKEND
RAF,RAF_DLX_KAABA_2P,FRSS_OCT_DEC_2025,WEEKDAY,578,0,,,90,2,Double,RAFRAF_DLX_KAABA_2PFRSS_OCT_DEC_2025WEEKDAY
RAF,RAF_DLX_KAABA_3P,FRSS_OCT_DEC_2025,WEEKDAY,622,0,,,90,3,Triple,RAFRAF_DLX_KAABA_3PFRSS_OCT_DEC_2025WEEKDAY
RAF,RAF_DLX_KAABA_2P,FRSS_OCT_DEC_2025,WEEKEND,622,0,,,90,2,Double,RAFRAF_DLX_KAABA_2PFRSS_OCT_DEC_2025WEEKEND
RAF,RAF_DLX_KAABA_3P,FRSS_OCT_DEC_2025,WEEKEND,666,0,,,90,3,Triple,RAFRAF_DLX_KAABA_3PFRSS_OCT_DEC_2025WEEKEND
RAF,RAF_PRES_CITY_2P,FRSS_OCT_DEC_2025,WEEKDAY,698,0,,,120,2,Double,RAFRAF_PRES_CITY_2PFRSS_OCT_DEC_2025WEEKDAY
RAF,RAF_PRES_CITY_3P,FRSS_OCT_DEC_2025,WEEKDAY,698,0,,,120,3,Triple,RAFRAF_PRES_CITY_3PFRSS_OCT_DEC_2025WEEKDAY
RAF,RAF_PRES_CITY_4P,FRSS_OCT_DEC_2025,WEEKDAY,698,0,,,120,4,Quad,RAFRAF_PRES_CITY_4PFRSS_OCT_DEC_2025WEEKDAY
RAF,RAF_PRES_CITY_2P,FRSS_OCT_DEC_2025,WEEKEND,748,0,,,120,2,Double,RAFRAF_PRES_CITY_2PFRSS_OCT_DEC_2025WEEKEND
RAF,RAF_PRES_CITY_3P,FRSS_OCT_DEC_2025,WEEKEND,748,0,,,120,3,Triple,RAFRAF_PRES_CITY_3PFRSS_OCT_DEC_2025WEEKEND
RAF,RAF_PRES_CITY_4P,FRSS_OCT_DEC_2025,WEEKEND,748,0,,,120,4,Quad,RAFRAF_PRES_CITY_4PFRSS_OCT_DEC_2025WEEKEND
RAF,RAF_PRES_HARAM_2P,FRSS_OCT_DEC_2025,WEEKDAY,777,0,,,120,2,Double,RAFRAF_PRES_HARAM_2PFRSS_OCT_DEC_2025WEEKDAY
RAF,RAF_PRES_HARAM_3P,FRSS_OCT_DEC_2025,WEEKDAY,777,0,,,120,3,Triple,RAFRAF_PRES_HARAM_3PFRSS_OCT_DEC_2025WEEKDAY
RAF,RAF_PRES_HARAM_4P,FRSS_OCT_DEC_2025,WEEKDAY,777,0,,,120,4,Quad,RAFRAF_PRES_HARAM_4PFRSS_OCT_DEC_2025WEEKDAY
RAF,RAF_PRES_HARAM_2P,FRSS_OCT_DEC_2025,WEEKEND,827,0,,,120,2,Double,RAFRAF_PRES_HARAM_2PFRSS_OCT_DEC_2025WEEKEND
RAF,RAF_PRES_HARAM_3P,FRSS_OCT_DEC_2025,WEEKEND,827,0,,,120,3,Triple,RAFRAF_PRES_HARAM_3PFRSS_OCT_DEC_2025WEEKEND
RAF,RAF_PRES_HARAM_4P,FRSS_OCT_DEC_2025,WEEKEND,827,0,,,120,4,Quad,RAFRAF_PRES_HARAM_4PFRSS_OCT_DEC_2025WEEKEND
RAF,RAF_ROYAL_2P,FRSS_OCT_DEC_2025,WEEKDAY,1654,0,,,160,2,Double,RAFRAF_ROYAL_2PFRSS_OCT_DEC_2025WEEKDAY
RAF,RAF_ROYAL_3P,FRSS_OCT_DEC_2025,WEEKDAY,1654,0,,,160,3,Triple,RAFRAF_ROYAL_3PFRSS_OCT_DEC_2025WEEKDAY
RAF,RAF_ROYAL_4P,FRSS_OCT_DEC_2025,WEEKDAY,1654,0,,,160,4,Quad,RAFRAF_ROYAL_4PFRSS_OCT_DEC_2025WEEKDAY
RAF,RAF_ROYAL_2P,FRSS_OCT_DEC_2025,WEEKEND,1704,0,,,160,2,Double,RAFRAF_ROYAL_2PFRSS_OCT_DEC_2025WEEKEND
RAF,RAF_ROYAL_3P,FRSS_OCT_DEC_2025,WEEKEND,1704,0,,,160,3,Triple,RAFRAF_ROYAL_3PFRSS_OCT_DEC_2025WEEKEND
RAF,RAF_ROYAL_4P,FRSS_OCT_DEC_2025,WEEKEND,1704,0,,,160,4,Quad,RAFRAF_ROYAL_4PFRSS_OCT_DEC_2025WEEKEND
RAF,RAF_SIG_CITY_2P,FRSS_DEC_JAN_2026,WEEKDAY,684,0,,,80,2,Double,RAFRAF_SIG_CITY_2PFRSS_DEC_JAN_2026WEEKDAY
RAF,RAF_SIG_CITY_3P,FRSS_DEC_JAN_2026,WEEKDAY,728,0,,,80,3,Triple,RAFRAF_SIG_CITY_3PFRSS_DEC_JAN_2026WEEKDAY
RAF,RAF_SIG_CITY_2P,FRSS_DEC_JAN_2026,WEEKEND,722,0,,,80,2,Double,RAFRAF_SIG_CITY_2PFRSS_DEC_JAN_2026WEEKEND
RAF,RAF_SIG_CITY_3P,FRSS_DEC_JAN_2026,WEEKEND,766,0,,,80,3,Triple,RAFRAF_SIG_CITY_3PFRSS_DEC_JAN_2026WEEKEND
RAF,RAF_SIG_HARAM_2P,FRSS_DEC_JAN_2026,WEEKDAY,783,0,,,80,2,Double,RAFRAF_SIG_HARAM_2PFRSS_DEC_JAN_2026WEEKDAY
RAF,RAF_SIG_HARAM_3P,FRSS_DEC_JAN_2026,WEEKDAY,827,0,,,80,3,Triple,RAFRAF_SIG_HARAM_3PFRSS_DEC_JAN_2026WEEKDAY
RAF,RAF_SIG_HARAM_2P,FRSS_DEC_JAN_2026,WEEKEND,783,0,,,80,2,Double,RAFRAF_SIG_HARAM_2PFRSS_DEC_JAN_2026WEEKEND
RAF,RAF_SIG_HARAM_3P,FRSS_DEC_JAN_2026,WEEKEND,827,0,,,80,3,Triple,RAFRAF_SIG_HARAM_3PFRSS_DEC_JAN_2026WEEKEND
RAF,RAF_DLX_KAABA_2P,FRSS_DEC_JAN_2026,WEEKDAY,956,0,,,90,2,Double,RAFRAF_DLX_KAABA_2PFRSS_DEC_JAN_2026WEEKDAY
RAF,RAF_DLX_KAABA_3P,FRSS_DEC_JAN_2026,WEEKDAY,1000,0,,,90,3,Triple,RAFRAF_DLX_KAABA_3PFRSS_DEC_JAN_2026WEEKDAY
RAF,RAF_DLX_KAABA_2P,FRSS_DEC_JAN_2026,WEEKEND,956,0,,,90,2,Double,RAFRAF_DLX_KAABA_2PFRSS_DEC_JAN_2026WEEKEND
RAF,RAF_DLX_KAABA_3P,FRSS_DEC_JAN_2026,WEEKEND,1000,0,,,90,3,Triple,RAFRAF_DLX_KAABA_3PFRSS_DEC_JAN_2026WEEKEND
RAF,RAF_PRES_CITY_2P,FRSS_DEC_JAN_2026,WEEKDAY,1132,0,,,120,2,Double,RAFRAF_PRES_CITY_2PFRSS_DEC_JAN_2026WEEKDAY
RAF,RAF_PRES_CITY_3P,FRSS_DEC_JAN_2026,WEEKDAY,1132,0,,,120,3,Triple,RAFRAF_PRES_CITY_3PFRSS_DEC_JAN_2026WEEKDAY
RAF,RAF_PRES_CITY_4P,FRSS_DEC_JAN_2026,WEEKDAY,1132,0,,,120,4,Quad,RAFRAF_PRES_CITY_4PFRSS_DEC_JAN_2026WEEKDAY
RAF,RAF_PRES_CITY_2P,FRSS_DEC_JAN_2026,WEEKEND,1171,0,,,120,2,Double,RAFRAF_PRES_CITY_2PFRSS_DEC_JAN_2026WEEKEND
RAF,RAF_PRES_CITY_3P,FRSS_DEC_JAN_2026,WEEKEND,1171,0,,,120,3,Triple,RAFRAF_PRES_CITY_3PFRSS_DEC_JAN_2026WEEKEND
RAF,RAF_PRES_CITY_4P,FRSS_DEC_JAN_2026,WEEKEND,1171,0,,,120,4,Quad,RAFRAF_PRES_CITY_4PFRSS_DEC_JAN_2026WEEKEND
RAF,RAF_PRES_HARAM_2P,FRSS_DEC_JAN_2026,WEEKDAY,1185,0,,,120,2,Double,RAFRAF_PRES_HARAM_2PFRSS_DEC_JAN_2026WEEKDAY
RAF,RAF_PRES_HARAM_3P,FRSS_DEC_JAN_2026,WEEKDAY,1185,0,,,120,3,Triple,RAFRAF_PRES_HARAM_3PFRSS_DEC_JAN_2026WEEKDAY
RAF,RAF_PRES_HARAM_4P,FRSS_DEC_JAN_2026,WEEKDAY,1185,0,,,120,4,Quad,RAFRAF_PRES_HARAM_4PFRSS_DEC_JAN_2026WEEKDAY
RAF,RAF_PRES_HARAM_2P,FRSS_DEC_JAN_2026,WEEKEND,1194,0,,,120,2,Double,RAFRAF_PRES_HARAM_2PFRSS_DEC_JAN_2026WEEKEND
RAF,RAF_PRES_HARAM_3P,FRSS_DEC_JAN_2026,WEEKEND,1194,0,,,120,3,Triple,RAFRAF_PRES_HARAM_3PFRSS_DEC_JAN_2026WEEKEND
RAF,RAF_PRES_HARAM_4P,FRSS_DEC_JAN_2026,WEEKEND,1194,0,,,120,4,Quad,RAFRAF_PRES_HARAM_4PFRSS_DEC_JAN_2026WEEKEND
RAF,RAF_ROYAL_2P,FRSS_DEC_JAN_2026,WEEKDAY,1868,0,,,160,2,Double,RAFRAF_ROYAL_2PFRSS_DEC_JAN_2026WEEKDAY
RAF,RAF_ROYAL_3P,FRSS_DEC_JAN_2026,WEEKDAY,1868,0,,,160,3,Triple,RAFRAF_ROYAL_3PFRSS_DEC_JAN_2026WEEKDAY
RAF,RAF_ROYAL_4P,FRSS_DEC_JAN_2026,WEEKDAY,1868,0,,,160,4,Quad,RAFRAF_ROYAL_4PFRSS_DEC_JAN_2026WEEKDAY
RAF,RAF_ROYAL_2P,FRSS_DEC_JAN_2026,WEEKEND,1880,0,,,160,2,Double,RAFRAF_ROYAL_2PFRSS_DEC_JAN_2026WEEKEND
RAF,RAF_ROYAL_3P,FRSS_DEC_JAN_2026,WEEKEND,1880,0,,,160,3,Triple,RAFRAF_ROYAL_3PFRSS_DEC_JAN_2026WEEKEND
RAF,RAF_ROYAL_4P,FRSS_DEC_JAN_2026,WEEKEND,1880,0,,,160,4,Quad,RAFRAF_ROYAL_4PFRSS_DEC_JAN_2026WEEKEND
RAF,RAF_SIG_CITY_2P,FRSS_JAN_FEB_2026,WEEKDAY,473,0,,,80,2,Double,RAFRAF_SIG_CITY_2PFRSS_JAN_FEB_2026WEEKDAY
RAF,RAF_SIG_CITY_3P,FRSS_JAN_FEB_2026,WEEKDAY,517,0,,,80,3,Triple,RAFRAF_SIG_CITY_3PFRSS_JAN_FEB_2026WEEKDAY
RAF,RAF_SIG_CITY_2P,FRSS_JAN_FEB_2026,WEEKEND,508,0,,,80,2,Double,RAFRAF_SIG_CITY_2PFRSS_JAN_FEB_2026WEEKEND
RAF,RAF_SIG_CITY_3P,FRSS_JAN_FEB_2026,WEEKEND,552,0,,,80,3,Triple,RAFRAF_SIG_CITY_3PFRSS_JAN_FEB_2026WEEKEND
RAF,RAF_SIG_HARAM_2P,FRSS_JAN_FEB_2026,WEEKDAY,505,0,,,80,2,Double,RAFRAF_SIG_HARAM_2PFRSS_JAN_FEB_2026WEEKDAY
RAF,RAF_SIG_HARAM_3P,FRSS_JAN_FEB_2026,WEEKDAY,549,0,,,80,3,Triple,RAFRAF_SIG_HARAM_3PFRSS_JAN_FEB_2026WEEKDAY
RAF,RAF_SIG_HARAM_2P,FRSS_JAN_FEB_2026,WEEKEND,546,0,,,80,2,Double,RAFRAF_SIG_HARAM_2PFRSS_JAN_FEB_2026WEEKEND
RAF,RAF_SIG_HARAM_3P,FRSS_JAN_FEB_2026,WEEKEND,590,0,,,80,3,Triple,RAFRAF_SIG_HARAM_3PFRSS_JAN_FEB_2026WEEKEND
RAF,RAF_DLX_KAABA_2P,FRSS_JAN_FEB_2026,WEEKDAY,587,0,,,90,2,Double,RAFRAF_DLX_KAABA_2PFRSS_JAN_FEB_2026WEEKDAY
RAF,RAF_DLX_KAABA_3P,FRSS_JAN_FEB_2026,WEEKDAY,631,0,,,90,3,Triple,RAFRAF_DLX_KAABA_3PFRSS_JAN_FEB_2026WEEKDAY
RAF,RAF_DLX_KAABA_2P,FRSS_JAN_FEB_2026,WEEKEND,622,0,,,90,2,Double,RAFRAF_DLX_KAABA_2PFRSS_JAN_FEB_2026WEEKEND
RAF,RAF_DLX_KAABA_3P,FRSS_JAN_FEB_2026,WEEKEND,666,0,,,90,3,Triple,RAFRAF_DLX_KAABA_3PFRSS_JAN_FEB_2026WEEKEND
RAF,RAF_PRES_CITY_2P,FRSS_JAN_FEB_2026,WEEKDAY,698,0,,,120,2,Double,RAFRAF_PRES_CITY_2PFRSS_JAN_FEB_2026WEEKDAY
RAF,RAF_PRES_CITY_3P,FRSS_JAN_FEB_2026,WEEKDAY,698,0,,,120,3,Triple,RAFRAF_PRES_CITY_3PFRSS_JAN_FEB_2026WEEKDAY
RAF,RAF_PRES_CITY_4P,FRSS_JAN_FEB_2026,WEEKDAY,698,0,,,120,4,Quad,RAFRAF_PRES_CITY_4PFRSS_JAN_FEB_2026WEEKDAY
RAF,RAF_PRES_CITY_2P,FRSS_JAN_FEB_2026,WEEKEND,748,0,,,120,2,Double,RAFRAF_PRES_CITY_2PFRSS_JAN_FEB_2026WEEKEND
RAF,RAF_PRES_CITY_3P,FRSS_JAN_FEB_2026,WEEKEND,748,0,,,120,3,Triple,RAFRAF_PRES_CITY_3PFRSS_JAN_FEB_2026WEEKEND
RAF,RAF_PRES_CITY_4P,FRSS_JAN_FEB_2026,WEEKEND,748,0,,,120,4,Quad,RAFRAF_PRES_CITY_4PFRSS_JAN_FEB_2026WEEKEND
RAF,RAF_PRES_HARAM_2P,FRSS_JAN_FEB_2026,WEEKDAY,777,0,,,120,2,Double,RAFRAF_PRES_HARAM_2PFRSS_JAN_FEB_2026WEEKDAY
RAF,RAF_PRES_HARAM_3P,FRSS_JAN_FEB_2026,WEEKDAY,777,0,,,120,3,Triple,RAFRAF_PRES_HARAM_3PFRSS_JAN_FEB_2026WEEKDAY
RAF,RAF_PRES_HARAM_4P,FRSS_JAN_FEB_2026,WEEKDAY,777,0,,,120,4,Quad,RAFRAF_PRES_HARAM_4PFRSS_JAN_FEB_2026WEEKDAY
RAF,RAF_PRES_HARAM_2P,FRSS_JAN_FEB_2026,WEEKEND,827,0,,,120,2,Double,RAFRAF_PRES_HARAM_2PFRSS_JAN_FEB_2026WEEKEND
RAF,RAF_PRES_HARAM_3P,FRSS_JAN_FEB_2026,WEEKEND,827,0,,,120,3,Triple,RAFRAF_PRES_HARAM_3PFRSS_JAN_FEB_2026WEEKEND
RAF,RAF_PRES_HARAM_4P,FRSS_JAN_FEB_2026,WEEKEND,827,0,,,120,4,Quad,RAFRAF_PRES_HARAM_4PFRSS_JAN_FEB_2026WEEKEND
RAF,RAF_ROYAL_2P,FRSS_JAN_FEB_2026,WEEKDAY,1654,0,,,160,2,Double,RAFRAF_ROYAL_2PFRSS_JAN_FEB_2026WEEKDAY
RAF,RAF_ROYAL_3P,FRSS_JAN_FEB_2026,WEEKDAY,1654,0,,,160,3,Triple,RAFRAF_ROYAL_3PFRSS_JAN_FEB_2026WEEKDAY
RAF,RAF_ROYAL_4P,FRSS_JAN_FEB_2026,WEEKDAY,1654,0,,,160,4,Quad,RAFRAF_ROYAL_4PFRSS_JAN_FEB_2026WEEKDAY
RAF,RAF_ROYAL_2P,FRSS_JAN_FEB_2026,WEEKEND,1704,0,,,160,2,Double,RAFRAF_ROYAL_2PFRSS_JAN_FEB_2026WEEKEND
RAF,RAF_ROYAL_3P,FRSS_JAN_FEB_2026,WEEKEND,1704,0,,,160,3,Triple,RAFRAF_ROYAL_3PFRSS_JAN_FEB_2026WEEKEND
RAF,RAF_ROYAL_4P,FRSS_JAN_FEB_2026,WEEKEND,1704,0,,,160,4,Quad,RAFRAF_ROYAL_4PFRSS_JAN_FEB_2026WEEKEND
RAF,RAF_SIG_CITY_2P,FRSS_MAR_APR_2026,WEEKDAY,408,0,,,80,2,Double,RAFRAF_SIG_CITY_2PFRSS_MAR_APR_2026WEEKDAY
RAF,RAF_SIG_CITY_3P,FRSS_MAR_APR_2026,WEEKDAY,452,0,,,80,3,Triple,RAFRAF_SIG_CITY_3PFRSS_MAR_APR_2026WEEKDAY
RAF,RAF_SIG_CITY_2P,FRSS_MAR_APR_2026,WEEKEND,446,0,,,80,2,Double,RAFRAF_SIG_CITY_2PFRSS_MAR_APR_2026WEEKEND
RAF,RAF_SIG_CITY_3P,FRSS_MAR_APR_2026,WEEKEND,490,0,,,80,3,Triple,RAFRAF_SIG_CITY_3PFRSS_MAR_APR_2026WEEKEND
RAF,RAF_SIG_HARAM_2P,FRSS_MAR_APR_2026,WEEKDAY,446,0,,,80,2,Double,RAFRAF_SIG_HARAM_2PFRSS_MAR_APR_2026WEEKDAY
RAF,RAF_SIG_HARAM_3P,FRSS_MAR_APR_2026,WEEKDAY,490,0,,,80,3,Triple,RAFRAF_SIG_HARAM_3PFRSS_MAR_APR_2026WEEKDAY
RAF,RAF_SIG_HARAM_2P,FRSS_MAR_APR_2026,WEEKEND,479,0,,,80,2,Double,RAFRAF_SIG_HARAM_2PFRSS_MAR_APR_2026WEEKEND
RAF,RAF_SIG_HARAM_3P,FRSS_MAR_APR_2026,WEEKEND,523,0,,,80,3,Triple,RAFRAF_SIG_HARAM_3PFRSS_MAR_APR_2026WEEKEND
RAF,RAF_DLX_KAABA_2P,FRSS_MAR_APR_2026,WEEKDAY,502,0,,,90,2,Double,RAFRAF_DLX_KAABA_2PFRSS_MAR_APR_2026WEEKDAY
RAF,RAF_DLX_KAABA_3P,FRSS_MAR_APR_2026,WEEKDAY,546,0,,,90,3,Triple,RAFRAF_DLX_KAABA_3PFRSS_MAR_APR_2026WEEKDAY
RAF,RAF_DLX_KAABA_2P,FRSS_MAR_APR_2026,WEEKEND,534,0,,,90,2,Double,RAFRAF_DLX_KAABA_2PFRSS_MAR_APR_2026WEEKEND
RAF,RAF_DLX_KAABA_3P,FRSS_MAR_APR_2026,WEEKEND,578,0,,,90,3,Triple,RAFRAF_DLX_KAABA_3PFRSS_MAR_APR_2026WEEKEND
RAF,RAF_PRES_CITY_2P,FRSS_MAR_APR_2026,WEEKDAY,637,0,,,120,2,Double,RAFRAF_PRES_CITY_2PFRSS_MAR_APR_2026WEEKDAY
RAF,RAF_PRES_CITY_3P,FRSS_MAR_APR_2026,WEEKDAY,637,0,,,120,3,Triple,RAFRAF_PRES_CITY_3PFRSS_MAR_APR_2026WEEKDAY
RAF,RAF_PRES_CITY_4P,FRSS_MAR_APR_2026,WEEKDAY,637,0,,,120,4,Quad,RAFRAF_PRES_CITY_4PFRSS_MAR_APR_2026WEEKDAY
RAF,RAF_PRES_CITY_2P,FRSS_MAR_APR_2026,WEEKEND,675,0,,,120,2,Double,RAFRAF_PRES_CITY_2PFRSS_MAR_APR_2026WEEKEND
RAF,RAF_PRES_CITY_3P,FRSS_MAR_APR_2026,WEEKEND,675,0,,,120,3,Triple,RAFRAF_PRES_CITY_3PFRSS_MAR_APR_2026WEEKEND
RAF,RAF_PRES_CITY_4P,FRSS_MAR_APR_2026,WEEKEND,675,0,,,120,4,Quad,RAFRAF_PRES_CITY_4PFRSS_MAR_APR_2026WEEKEND
RAF,RAF_PRES_HARAM_2P,FRSS_MAR_APR_2026,WEEKDAY,690,0,,,120,2,Double,RAFRAF_PRES_HARAM_2PFRSS_MAR_APR_2026WEEKDAY
RAF,RAF_PRES_HARAM_3P,FRSS_MAR_APR_2026,WEEKDAY,690,0,,,120,3,Triple,RAFRAF_PRES_HARAM_3PFRSS_MAR_APR_2026WEEKDAY
RAF,RAF_PRES_HARAM_4P,FRSS_MAR_APR_2026,WEEKDAY,690,0,,,120,4,Quad,RAFRAF_PRES_HARAM_4PFRSS_MAR_APR_2026WEEKDAY
RAF,RAF_PRES_HARAM_2P,FRSS_MAR_APR_2026,WEEKEND,716,0,,,120,2,Double,RAFRAF_PRES_HARAM_2PFRSS_MAR_APR_2026WEEKEND
RAF,RAF_PRES_HARAM_3P,FRSS_MAR_APR_2026,WEEKEND,716,0,,,120,3,Triple,RAFRAF_PRES_HARAM_3PFRSS_MAR_APR_2026WEEKEND
RAF,RAF_PRES_HARAM_4P,FRSS_MAR_APR_2026,WEEKEND,716,0,,,120,4,Quad,RAFRAF_PRES_HARAM_4PFRSS_MAR_APR_2026WEEKEND
RAF,RAF_ROYAL_2P,FRSS_MAR_APR_2026,WEEKDAY,1543,0,,,160,2,Double,RAFRAF_ROYAL_2PFRSS_MAR_APR_2026WEEKDAY
RAF,RAF_ROYAL_3P,FRSS_MAR_APR_2026,WEEKDAY,1543,0,,,160,3,Triple,RAFRAF_ROYAL_3PFRSS_MAR_APR_2026WEEKDAY
RAF,RAF_ROYAL_4P,FRSS_MAR_APR_2026,WEEKDAY,1543,0,,,160,4,Quad,RAFRAF_ROYAL_4PFRSS_MAR_APR_2026WEEKDAY
RAF,RAF_ROYAL_2P,FRSS_MAR_APR_2026,WEEKEND,1628,0,,,160,2,Double,RAFRAF_ROYAL_2PFRSS_MAR_APR_2026WEEKEND
RAF,RAF_ROYAL_3P,FRSS_MAR_APR_2026,WEEKEND,1628,0,,,160,3,Triple,RAFRAF_ROYAL_3PFRSS_MAR_APR_2026WEEKEND
RAF,RAF_ROYAL_4P,FRSS_MAR_APR_2026,WEEKEND,1628,0,,,160,4,Quad,RAFRAF_ROYAL_4PFRSS_MAR_APR_2026WEEKEND
RAF,RAF_SIG_CITY_2P,FRSS_APR_JUN_2026,WEEKDAY,379,0,,,80,2,Double,RAFRAF_SIG_CITY_2PFRSS_APR_JUN_2026WEEKDAY
RAF,RAF_SIG_CITY_3P,FRSS_APR_JUN_2026,WEEKDAY,423,0,,,80,3,Triple,RAFRAF_SIG_CITY_3PFRSS_APR_JUN_2026WEEKDAY
RAF,RAF_SIG_CITY_2P,FRSS_APR_JUN_2026,WEEKEND,402,0,,,80,2,Double,RAFRAF_SIG_CITY_2PFRSS_APR_JUN_2026WEEKEND
RAF,RAF_SIG_CITY_3P,FRSS_APR_JUN_2026,WEEKEND,446,0,,,80,3,Triple,RAFRAF_SIG_CITY_3PFRSS_APR_JUN_2026WEEKEND
RAF,RAF_SIG_HARAM_2P,FRSS_APR_JUN_2026,WEEKDAY,408,0,,,80,2,Double,RAFRAF_SIG_HARAM_2PFRSS_APR_JUN_2026WEEKDAY
RAF,RAF_SIG_HARAM_3P,FRSS_APR_JUN_2026,WEEKDAY,452,0,,,80,3,Triple,RAFRAF_SIG_HARAM_3PFRSS_APR_JUN_2026WEEKDAY
RAF,RAF_SIG_HARAM_2P,FRSS_APR_JUN_2026,WEEKEND,429,0,,,80,2,Double,RAFRAF_SIG_HARAM_2PFRSS_APR_JUN_2026WEEKEND
RAF,RAF_SIG_HARAM_3P,FRSS_APR_JUN_2026,WEEKEND,473,0,,,80,3,Triple,RAFRAF_SIG_HARAM_3PFRSS_APR_JUN_2026WEEKEND
RAF,RAF_DLX_KAABA_2P,FRSS_APR_JUN_2026,WEEKDAY,458,0,,,90,2,Double,RAFRAF_DLX_KAABA_2PFRSS_APR_JUN_2026WEEKDAY
RAF,RAF_DLX_KAABA_3P,FRSS_APR_JUN_2026,WEEKDAY,502,0,,,90,3,Triple,RAFRAF_DLX_KAABA_3PFRSS_APR_JUN_2026WEEKDAY
RAF,RAF_DLX_KAABA_2P,FRSS_APR_JUN_2026,WEEKEND,502,0,,,90,2,Double,RAFRAF_DLX_KAABA_2PFRSS_APR_JUN_2026WEEKEND
RAF,RAF_DLX_KAABA_3P,FRSS_APR_JUN_2026,WEEKEND,546,0,,,90,3,Triple,RAFRAF_DLX_KAABA_3PFRSS_APR_JUN_2026WEEKEND
RAF,RAF_PRES_CITY_2P,FRSS_APR_JUN_2026,WEEKDAY,602,0,,,120,2,Double,RAFRAF_PRES_CITY_2PFRSS_APR_JUN_2026WEEKDAY
RAF,RAF_PRES_CITY_3P,FRSS_APR_JUN_2026,WEEKDAY,602,0,,,120,3,Triple,RAFRAF_PRES_CITY_3PFRSS_APR_JUN_2026WEEKDAY
RAF,RAF_PRES_CITY_4P,FRSS_APR_JUN_2026,WEEKDAY,602,0,,,120,4,Quad,RAFRAF_PRES_CITY_4PFRSS_APR_JUN_2026WEEKDAY
RAF,RAF_PRES_CITY_2P,FRSS_APR_JUN_2026,WEEKEND,628,0,,,120,2,Double,RAFRAF_PRES_CITY_2PFRSS_APR_JUN_2026WEEKEND
RAF,RAF_PRES_CITY_3P,FRSS_APR_JUN_2026,WEEKEND,628,0,,,120,3,Triple,RAFRAF_PRES_CITY_3PFRSS_APR_JUN_2026WEEKEND
RAF,RAF_PRES_CITY_4P,FRSS_APR_JUN_2026,WEEKEND,628,0,,,120,4,Quad,RAFRAF_PRES_CITY_4PFRSS_APR_JUN_2026WEEKEND
RAF,RAF_PRES_HARAM_2P,FRSS_APR_JUN_2026,WEEKDAY,663,0,,,120,2,Double,RAFRAF_PRES_HARAM_2PFRSS_APR_JUN_2026WEEKDAY
RAF,RAF_PRES_HARAM_3P,FRSS_APR_JUN_2026,WEEKDAY,663,0,,,120,3,Triple,RAFRAF_PRES_HARAM_3PFRSS_APR_JUN_2026WEEKDAY
RAF,RAF_PRES_HARAM_4P,FRSS_APR_JUN_2026,WEEKDAY,663,0,,,120,4,Quad,RAFRAF_PRES_HARAM_4PFRSS_APR_JUN_2026WEEKDAY
RAF,RAF_PRES_HARAM_2P,FRSS_APR_JUN_2026,WEEKEND,690,0,,,120,2,Double,RAFRAF_PRES_HARAM_2PFRSS_APR_JUN_2026WEEKEND
RAF,RAF_PRES_HARAM_3P,FRSS_APR_JUN_2026,WEEKEND,690,0,,,120,3,Triple,RAFRAF_PRES_HARAM_3PFRSS_APR_JUN_2026WEEKEND
RAF,RAF_PRES_HARAM_4P,FRSS_APR_JUN_2026,WEEKEND,690,0,,,120,4,Quad,RAFRAF_PRES_HARAM_4PFRSS_APR_JUN_2026WEEKEND
RAF,RAF_ROYAL_2P,FRSS_APR_JUN_2026,WEEKDAY,1250,0,,,160,2,Double,RAFRAF_ROYAL_2PFRSS_APR_JUN_2026WEEKDAY
RAF,RAF_ROYAL_3P,FRSS_APR_JUN_2026,WEEKDAY,1250,0,,,160,3,Triple,RAFRAF_ROYAL_3PFRSS_APR_JUN_2026WEEKDAY
RAF,RAF_ROYAL_4P,FRSS_APR_JUN_2026,WEEKDAY,1250,0,,,160,4,Quad,RAFRAF_ROYAL_4PFRSS_APR_JUN_2026WEEKDAY
RAF,RAF_ROYAL_2P,FRSS_APR_JUN_2026,WEEKEND,1276,0,,,160,2,Double,RAFRAF_ROYAL_2PFRSS_APR_JUN_2026WEEKEND
RAF,RAF_ROYAL_3P,FRSS_APR_JUN_2026,WEEKEND,1276,0,,,160,3,Triple,RAFRAF_ROYAL_3PFRSS_APR_JUN_2026WEEKEND
RAF,RAF_ROYAL_4P,FRSS_APR_JUN_2026,WEEKEND,1276,0,,,160,4,Quad,RAFRAF_ROYAL_4PFRSS_APR_JUN_2026WEEKEND
SWM,SWM_CITY_2P,FRSS_OCT_DEC_2025,WEEKDAY,300,0,,,34,2,Double,SWMSWM_CITY_2PFRSS_OCT_DEC_2025WEEKDAY
SWM,SWM_CITY_3P,FRSS_OCT_DEC_2025,WEEKDAY,335,0,,,34,3,Triple,SWMSWM_CITY_3PFRSS_OCT_DEC_2025WEEKDAY
SWM,SWM_CITY_4P,FRSS_OCT_DEC_2025,WEEKDAY,370,0,,,34,4,Quad,SWMSWM_CITY_4PFRSS_OCT_DEC_2025WEEKDAY
SWM,SWM_CITY_2P,FRSS_OCT_DEC_2025,WEEKEND,338,0,,,34,2,Double,SWMSWM_CITY_2PFRSS_OCT_DEC_2025WEEKEND
SWM,SWM_CITY_3P,FRSS_OCT_DEC_2025,WEEKEND,373,0,,,34,3,Triple,SWMSWM_CITY_3PFRSS_OCT_DEC_2025WEEKEND
SWM,SWM_CITY_4P,FRSS_OCT_DEC_2025,WEEKEND,408,0,,,34,4,Quad,SWMSWM_CITY_4PFRSS_OCT_DEC_2025WEEKEND
SWM,SWM_HARAM_2P,FRSS_OCT_DEC_2025,WEEKDAY,326,0,,,34,2,Double,SWMSWM_HARAM_2PFRSS_OCT_DEC_2025WEEKDAY
SWM,SWM_HARAM_3P,FRSS_OCT_DEC_2025,WEEKDAY,361,0,,,34,3,Triple,SWMSWM_HARAM_3PFRSS_OCT_DEC_2025WEEKDAY
SWM,SWM_HARAM_4P,FRSS_OCT_DEC_2025,WEEKDAY,396,0,,,34,4,Quad,SWMSWM_HARAM_4PFRSS_OCT_DEC_2025WEEKDAY
SWM,SWM_HARAM_2P,FRSS_OCT_DEC_2025,WEEKEND,364,0,,,34,2,Double,SWMSWM_HARAM_2PFRSS_OCT_DEC_2025WEEKEND
SWM,SWM_HARAM_3P,FRSS_OCT_DEC_2025,WEEKEND,399,0,,,34,3,Triple,SWMSWM_HARAM_3PFRSS_OCT_DEC_2025WEEKEND
SWM,SWM_HARAM_4P,FRSS_OCT_DEC_2025,WEEKEND,435,0,,,34,4,Quad,SWMSWM_HARAM_4PFRSS_OCT_DEC_2025WEEKEND
SWM,SWM_PARTIAL_KAABA_2P,FRSS_OCT_DEC_2025,WEEKDAY,388,0,,,32,2,Double,SWMSWM_PARTIAL_KAABA_2PFRSS_OCT_DEC_2025WEEKDAY
SWM,SWM_PARTIAL_KAABA_3P,FRSS_OCT_DEC_2025,WEEKDAY,423,0,,,32,3,Triple,SWMSWM_PARTIAL_KAABA_3PFRSS_OCT_DEC_2025WEEKDAY
SWM,SWM_PARTIAL_KAABA_4P,FRSS_OCT_DEC_2025,WEEKDAY,458,0,,,32,4,Quad,SWMSWM_PARTIAL_KAABA_4PFRSS_OCT_DEC_2025WEEKDAY
SWM,SWM_PARTIAL_KAABA_2P,FRSS_OCT_DEC_2025,WEEKEND,426,0,,,32,2,Double,SWMSWM_PARTIAL_KAABA_2PFRSS_OCT_DEC_2025WEEKEND
SWM,SWM_PARTIAL_KAABA_3P,FRSS_OCT_DEC_2025,WEEKEND,461,0,,,32,3,Triple,SWMSWM_PARTIAL_KAABA_3PFRSS_OCT_DEC_2025WEEKEND
SWM,SWM_PARTIAL_KAABA_4P,FRSS_OCT_DEC_2025,WEEKEND,496,0,,,32,4,Quad,SWMSWM_PARTIAL_KAABA_4PFRSS_OCT_DEC_2025WEEKEND
SWM,SWM_KAABA_PREM_2P,FRSS_OCT_DEC_2025,WEEKDAY,438,0,,,35,2,Double,SWMSWM_KAABA_PREM_2PFRSS_OCT_DEC_2025WEEKDAY
SWM,SWM_KAABA_PREM_3P,FRSS_OCT_DEC_2025,WEEKDAY,473,0,,,35,3,Triple,SWMSWM_KAABA_PREM_3PFRSS_OCT_DEC_2025WEEKDAY
SWM,SWM_KAABA_PREM_2P,FRSS_OCT_DEC_2025,WEEKEND,476,0,,,35,2,Double,SWMSWM_KAABA_PREM_2PFRSS_OCT_DEC_2025WEEKEND
SWM,SWM_KAABA_PREM_3P,FRSS_OCT_DEC_2025,WEEKEND,511,0,,,35,3,Triple,SWMSWM_KAABA_PREM_3PFRSS_OCT_DEC_2025WEEKEND
SWM,SWM_JS_CITY_2P,FRSS_OCT_DEC_2025,WEEKDAY,487,0,,,50,2,Double,SWMSWM_JS_CITY_2PFRSS_OCT_DEC_2025WEEKDAY
SWM,SWM_JS_CITY_3P,FRSS_OCT_DEC_2025,WEEKDAY,523,0,,,50,3,Triple,SWMSWM_JS_CITY_3PFRSS_OCT_DEC_2025WEEKDAY
SWM,SWM_JS_CITY_4P,FRSS_OCT_DEC_2025,WEEKDAY,558,0,,,50,4,Quad,SWMSWM_JS_CITY_4PFRSS_OCT_DEC_2025WEEKDAY
SWM,SWM_JS_CITY_2P,FRSS_OCT_DEC_2025,WEEKEND,526,0,,,50,2,Double,SWMSWM_JS_CITY_2PFRSS_OCT_DEC_2025WEEKEND
SWM,SWM_JS_CITY_3P,FRSS_OCT_DEC_2025,WEEKEND,561,0,,,50,3,Triple,SWMSWM_JS_CITY_3PFRSS_OCT_DEC_2025WEEKEND
SWM,SWM_JS_CITY_4P,FRSS_OCT_DEC_2025,WEEKEND,596,0,,,50,4,Quad,SWMSWM_JS_CITY_4PFRSS_OCT_DEC_2025WEEKEND
SWM,SWM_JS_HARAM_2P,FRSS_OCT_DEC_2025,WEEKDAY,508,0,,,50,2,Double,SWMSWM_JS_HARAM_2PFRSS_OCT_DEC_2025WEEKDAY
SWM,SWM_JS_HARAM_3P,FRSS_OCT_DEC_2025,WEEKDAY,543,0,,,50,3,Triple,SWMSWM_JS_HARAM_3PFRSS_OCT_DEC_2025WEEKDAY
SWM,SWM_JS_HARAM_4P,FRSS_OCT_DEC_2025,WEEKDAY,578,0,,,50,4,Quad,SWMSWM_JS_HARAM_4PFRSS_OCT_DEC_2025WEEKDAY
SWM,SWM_JS_HARAM_2P,FRSS_OCT_DEC_2025,WEEKEND,546,0,,,50,2,Double,SWMSWM_JS_HARAM_2PFRSS_OCT_DEC_2025WEEKEND
SWM,SWM_JS_HARAM_3P,FRSS_OCT_DEC_2025,WEEKEND,581,0,,,50,3,Triple,SWMSWM_JS_HARAM_3PFRSS_OCT_DEC_2025WEEKEND
SWM,SWM_JS_HARAM_4P,FRSS_OCT_DEC_2025,WEEKEND,616,0,,,50,4,Quad,SWMSWM_JS_HARAM_4PFRSS_OCT_DEC_2025WEEKEND
SWM,SWM_JS_KAABA_2P,FRSS_OCT_DEC_2025,WEEKDAY,549,0,,,50,2,Double,SWMSWM_JS_KAABA_2PFRSS_OCT_DEC_2025WEEKDAY
SWM,SWM_JS_KAABA_3P,FRSS_OCT_DEC_2025,WEEKDAY,584,0,,,50,3,Triple,SWMSWM_JS_KAABA_3PFRSS_OCT_DEC_2025WEEKDAY
SWM,SWM_JS_KAABA_4P,FRSS_OCT_DEC_2025,WEEKDAY,619,0,,,50,4,Quad,SWMSWM_JS_KAABA_4PFRSS_OCT_DEC_2025WEEKDAY
SWM,SWM_JS_KAABA_2P,FRSS_OCT_DEC_2025,WEEKEND,587,0,,,50,2,Double,SWMSWM_JS_KAABA_2PFRSS_OCT_DEC_2025WEEKEND
SWM,SWM_JS_KAABA_3P,FRSS_OCT_DEC_2025,WEEKEND,622,0,,,50,3,Triple,SWMSWM_JS_KAABA_3PFRSS_OCT_DEC_2025WEEKEND
SWM,SWM_JS_KAABA_4P,FRSS_OCT_DEC_2025,WEEKEND,657,0,,,50,4,Quad,SWMSWM_JS_KAABA_4PFRSS_OCT_DEC_2025WEEKEND
SWM,SWM_CITY_2P,FRSS_DEC_JAN_2026,WEEKDAY,476,0,,,34,2,Double,SWMSWM_CITY_2PFRSS_DEC_JAN_2026WEEKDAY
SWM,SWM_CITY_3P,FRSS_DEC_JAN_2026,WEEKDAY,511,0,,,34,3,Triple,SWMSWM_CITY_3PFRSS_DEC_JAN_2026WEEKDAY
SWM,SWM_CITY_4P,FRSS_DEC_JAN_2026,WEEKDAY,546,0,,,34,4,Quad,SWMSWM_CITY_4PFRSS_DEC_JAN_2026WEEKDAY
SWM,SWM_CITY_2P,FRSS_DEC_JAN_2026,WEEKEND,514,0,,,34,2,Double,SWMSWM_CITY_2PFRSS_DEC_JAN_2026WEEKEND
SWM,SWM_CITY_3P,FRSS_DEC_JAN_2026,WEEKEND,549,0,,,34,3,Triple,SWMSWM_CITY_3PFRSS_DEC_JAN_2026WEEKEND
SWM,SWM_CITY_4P,FRSS_DEC_JAN_2026,WEEKEND,584,0,,,34,4,Quad,SWMSWM_CITY_4PFRSS_DEC_JAN_2026WEEKEND
SWM,SWM_HARAM_2P,FRSS_DEC_JAN_2026,WEEKDAY,499,0,,,34,2,Double,SWMSWM_HARAM_2PFRSS_DEC_JAN_2026WEEKDAY
SWM,SWM_HARAM_3P,FRSS_DEC_JAN_2026,WEEKDAY,534,0,,,34,3,Triple,SWMSWM_HARAM_3PFRSS_DEC_JAN_2026WEEKDAY
SWM,SWM_HARAM_4P,FRSS_DEC_JAN_2026,WEEKDAY,570,0,,,34,4,Quad,SWMSWM_HARAM_4PFRSS_DEC_JAN_2026WEEKDAY
SWM,SWM_HARAM_2P,FRSS_DEC_JAN_2026,WEEKEND,537,0,,,34,2,Double,SWMSWM_HARAM_2PFRSS_DEC_JAN_2026WEEKEND
SWM,SWM_HARAM_3P,FRSS_DEC_JAN_2026,WEEKEND,572,0,,,34,3,Triple,SWMSWM_HARAM_3PFRSS_DEC_JAN_2026WEEKEND
SWM,SWM_HARAM_4P,FRSS_DEC_JAN_2026,WEEKEND,608,0,,,34,4,Quad,SWMSWM_HARAM_4PFRSS_DEC_JAN_2026WEEKEND
SWM,SWM_PARTIAL_KAABA_2P,FRSS_DEC_JAN_2026,WEEKDAY,587,0,,,32,2,Double,SWMSWM_PARTIAL_KAABA_2PFRSS_DEC_JAN_2026WEEKDAY
SWM,SWM_PARTIAL_KAABA_3P,FRSS_DEC_JAN_2026,WEEKDAY,622,0,,,32,3,Triple,SWMSWM_PARTIAL_KAABA_3PFRSS_DEC_JAN_2026WEEKDAY
SWM,SWM_PARTIAL_KAABA_4P,FRSS_DEC_JAN_2026,WEEKDAY,657,0,,,32,4,Quad,SWMSWM_PARTIAL_KAABA_4PFRSS_DEC_JAN_2026WEEKDAY
SWM,SWM_PARTIAL_KAABA_2P,FRSS_DEC_JAN_2026,WEEKEND,625,0,,,32,2,Double,SWMSWM_PARTIAL_KAABA_2PFRSS_DEC_JAN_2026WEEKEND
SWM,SWM_PARTIAL_KAABA_3P,FRSS_DEC_JAN_2026,WEEKEND,660,0,,,32,3,Triple,SWMSWM_PARTIAL_KAABA_3PFRSS_DEC_JAN_2026WEEKEND
SWM,SWM_PARTIAL_KAABA_4P,FRSS_DEC_JAN_2026,WEEKEND,696,0,,,32,4,Quad,SWMSWM_PARTIAL_KAABA_4PFRSS_DEC_JAN_2026WEEKEND
SWM,SWM_KAABA_PREM_2P,FRSS_DEC_JAN_2026,WEEKDAY,637,0,,,35,2,Double,SWMSWM_KAABA_PREM_2PFRSS_DEC_JAN_2026WEEKDAY
SWM,SWM_KAABA_PREM_3P,FRSS_DEC_JAN_2026,WEEKDAY,672,0,,,35,3,Triple,SWMSWM_KAABA_PREM_3PFRSS_DEC_JAN_2026WEEKDAY
SWM,SWM_KAABA_PREM_2P,FRSS_DEC_JAN_2026,WEEKEND,675,0,,,35,2,Double,SWMSWM_KAABA_PREM_2PFRSS_DEC_JAN_2026WEEKEND
SWM,SWM_KAABA_PREM_3P,FRSS_DEC_JAN_2026,WEEKEND,710,0,,,35,3,Triple,SWMSWM_KAABA_PREM_3PFRSS_DEC_JAN_2026WEEKEND
SWM,SWM_JS_CITY_2P,FRSS_DEC_JAN_2026,WEEKDAY,663,0,,,50,2,Double,SWMSWM_JS_CITY_2PFRSS_DEC_JAN_2026WEEKDAY
SWM,SWM_JS_CITY_3P,FRSS_DEC_JAN_2026,WEEKDAY,698,0,,,50,3,Triple,SWMSWM_JS_CITY_3PFRSS_DEC_JAN_2026WEEKDAY
SWM,SWM_JS_CITY_4P,FRSS_DEC_JAN_2026,WEEKDAY,734,0,,,50,4,Quad,SWMSWM_JS_CITY_4PFRSS_DEC_JAN_2026WEEKDAY
SWM,SWM_JS_CITY_2P,FRSS_DEC_JAN_2026,WEEKEND,698,0,,,50,2,Double,SWMSWM_JS_CITY_2PFRSS_DEC_JAN_2026WEEKEND
SWM,SWM_JS_CITY_3P,FRSS_DEC_JAN_2026,WEEKEND,734,0,,,50,3,Triple,SWMSWM_JS_CITY_3PFRSS_DEC_JAN_2026WEEKEND
SWM,SWM_JS_CITY_4P,FRSS_DEC_JAN_2026,WEEKEND,769,0,,,50,4,Quad,SWMSWM_JS_CITY_4PFRSS_DEC_JAN_2026WEEKEND
SWM,SWM_JS_HARAM_2P,FRSS_DEC_JAN_2026,WEEKDAY,681,0,,,50,2,Double,SWMSWM_JS_HARAM_2PFRSS_DEC_JAN_2026WEEKDAY
SWM,SWM_JS_HARAM_3P,FRSS_DEC_JAN_2026,WEEKDAY,716,0,,,50,3,Triple,SWMSWM_JS_HARAM_3PFRSS_DEC_JAN_2026WEEKDAY
SWM,SWM_JS_HARAM_4P,FRSS_DEC_JAN_2026,WEEKDAY,751,0,,,50,4,Quad,SWMSWM_JS_HARAM_4PFRSS_DEC_JAN_2026WEEKDAY
SWM,SWM_JS_HARAM_2P,FRSS_DEC_JAN_2026,WEEKEND,719,0,,,50,2,Double,SWMSWM_JS_HARAM_2PFRSS_DEC_JAN_2026WEEKEND
SWM,SWM_JS_HARAM_3P,FRSS_DEC_JAN_2026,WEEKEND,754,0,,,50,3,Triple,SWMSWM_JS_HARAM_3PFRSS_DEC_JAN_2026WEEKEND
SWM,SWM_JS_HARAM_4P,FRSS_DEC_JAN_2026,WEEKEND,789,0,,,50,4,Quad,SWMSWM_JS_HARAM_4PFRSS_DEC_JAN_2026WEEKEND
SWM,SWM_JS_KAABA_2P,FRSS_DEC_JAN_2026,WEEKDAY,725,0,,,50,2,Double,SWMSWM_JS_KAABA_2PFRSS_DEC_JAN_2026WEEKDAY
SWM,SWM_JS_KAABA_3P,FRSS_DEC_JAN_2026,WEEKDAY,760,0,,,50,3,Triple,SWMSWM_JS_KAABA_3PFRSS_DEC_JAN_2026WEEKDAY
SWM,SWM_JS_KAABA_4P,FRSS_DEC_JAN_2026,WEEKDAY,795,0,,,50,4,Quad,SWMSWM_JS_KAABA_4PFRSS_DEC_JAN_2026WEEKDAY
SWM,SWM_JS_KAABA_2P,FRSS_DEC_JAN_2026,WEEKEND,763,0,,,50,2,Double,SWMSWM_JS_KAABA_2PFRSS_DEC_JAN_2026WEEKEND
SWM,SWM_JS_KAABA_3P,FRSS_DEC_JAN_2026,WEEKEND,798,0,,,50,3,Triple,SWMSWM_JS_KAABA_3PFRSS_DEC_JAN_2026WEEKEND
SWM,SWM_JS_KAABA_4P,FRSS_DEC_JAN_2026,WEEKEND,833,0,,,50,4,Quad,SWMSWM_JS_KAABA_4PFRSS_DEC_JAN_2026WEEKEND
SWM,SWM_CITY_2P,FRSS_JAN_FEB_2026,WEEKDAY,256,0,,,34,2,Double,SWMSWM_CITY_2PFRSS_JAN_FEB_2026WEEKDAY
SWM,SWM_CITY_3P,FRSS_JAN_FEB_2026,WEEKDAY,291,0,,,34,3,Triple,SWMSWM_CITY_3PFRSS_JAN_FEB_2026WEEKDAY
SWM,SWM_CITY_4P,FRSS_JAN_FEB_2026,WEEKDAY,326,0,,,34,4,Quad,SWMSWM_CITY_4PFRSS_JAN_FEB_2026WEEKDAY
SWM,SWM_CITY_2P,FRSS_JAN_FEB_2026,WEEKEND,294,0,,,34,2,Double,SWMSWM_CITY_2PFRSS_JAN_FEB_2026WEEKEND
SWM,SWM_CITY_3P,FRSS_JAN_FEB_2026,WEEKEND,329,0,,,34,3,Triple,SWMSWM_CITY_3PFRSS_JAN_FEB_2026WEEKEND
SWM,SWM_CITY_4P,FRSS_JAN_FEB_2026,WEEKEND,364,0,,,34,4,Quad,SWMSWM_CITY_4PFRSS_JAN_FEB_2026WEEKEND
SWM,SWM_HARAM_2P,FRSS_JAN_FEB_2026,WEEKDAY,279,0,,,34,2,Double,SWMSWM_HARAM_2PFRSS_JAN_FEB_2026WEEKDAY
SWM,SWM_HARAM_3P,FRSS_JAN_FEB_2026,WEEKDAY,314,0,,,34,3,Triple,SWMSWM_HARAM_3PFRSS_JAN_FEB_2026WEEKDAY
SWM,SWM_HARAM_4P,FRSS_JAN_FEB_2026,WEEKDAY,350,0,,,34,4,Quad,SWMSWM_HARAM_4PFRSS_JAN_FEB_2026WEEKDAY
SWM,SWM_HARAM_2P,FRSS_JAN_FEB_2026,WEEKEND,317,0,,,34,2,Double,SWMSWM_HARAM_2PFRSS_JAN_FEB_2026WEEKEND
SWM,SWM_HARAM_3P,FRSS_JAN_FEB_2026,WEEKEND,352,0,,,34,3,Triple,SWMSWM_HARAM_3PFRSS_JAN_FEB_2026WEEKEND
SWM,SWM_HARAM_4P,FRSS_JAN_FEB_2026,WEEKEND,388,0,,,34,4,Quad,SWMSWM_HARAM_4PFRSS_JAN_FEB_2026WEEKEND
SWM,SWM_PARTIAL_KAABA_2P,FRSS_JAN_FEB_2026,WEEKDAY,344,0,,,32,2,Double,SWMSWM_PARTIAL_KAABA_2PFRSS_JAN_FEB_2026WEEKDAY
SWM,SWM_PARTIAL_KAABA_3P,FRSS_JAN_FEB_2026,WEEKDAY,379,0,,,32,3,Triple,SWMSWM_PARTIAL_KAABA_3PFRSS_JAN_FEB_2026WEEKDAY
SWM,SWM_PARTIAL_KAABA_4P,FRSS_JAN_FEB_2026,WEEKDAY,414,0,,,32,4,Quad,SWMSWM_PARTIAL_KAABA_4PFRSS_JAN_FEB_2026WEEKDAY
SWM,SWM_PARTIAL_KAABA_2P,FRSS_JAN_FEB_2026,WEEKEND,379,0,,,32,2,Double,SWMSWM_PARTIAL_KAABA_2PFRSS_JAN_FEB_2026WEEKEND
SWM,SWM_PARTIAL_KAABA_3P,FRSS_JAN_FEB_2026,WEEKEND,414,0,,,32,3,Triple,SWMSWM_PARTIAL_KAABA_3PFRSS_JAN_FEB_2026WEEKEND
SWM,SWM_PARTIAL_KAABA_4P,FRSS_JAN_FEB_2026,WEEKEND,449,0,,,32,4,Quad,SWMSWM_PARTIAL_KAABA_4PFRSS_JAN_FEB_2026WEEKEND
SWM,SWM_KAABA_PREM_2P,FRSS_JAN_FEB_2026,WEEKDAY,394,0,,,35,2,Double,SWMSWM_KAABA_PREM_2PFRSS_JAN_FEB_2026WEEKDAY
SWM,SWM_KAABA_PREM_3P,FRSS_JAN_FEB_2026,WEEKDAY,429,0,,,35,3,Triple,SWMSWM_KAABA_PREM_3PFRSS_JAN_FEB_2026WEEKDAY
SWM,SWM_KAABA_PREM_2P,FRSS_JAN_FEB_2026,WEEKEND,429,0,,,35,2,Double,SWMSWM_KAABA_PREM_2PFRSS_JAN_FEB_2026WEEKEND
SWM,SWM_KAABA_PREM_3P,FRSS_JAN_FEB_2026,WEEKEND,464,0,,,35,3,Triple,SWMSWM_KAABA_PREM_3PFRSS_JAN_FEB_2026WEEKEND
SWM,SWM_JS_CITY_2P,FRSS_JAN_FEB_2026,WEEKDAY,443,0,,,50,2,Double,SWMSWM_JS_CITY_2PFRSS_JAN_FEB_2026WEEKDAY
SWM,SWM_JS_CITY_3P,FRSS_JAN_FEB_2026,WEEKDAY,479,0,,,50,3,Triple,SWMSWM_JS_CITY_3PFRSS_JAN_FEB_2026WEEKDAY
SWM,SWM_JS_CITY_4P,FRSS_JAN_FEB_2026,WEEKDAY,514,0,,,50,4,Quad,SWMSWM_JS_CITY_4PFRSS_JAN_FEB_2026WEEKDAY
SWM,SWM_JS_CITY_2P,FRSS_JAN_FEB_2026,WEEKEND,479,0,,,50,2,Double,SWMSWM_JS_CITY_2PFRSS_JAN_FEB_2026WEEKEND
SWM,SWM_JS_CITY_3P,FRSS_JAN_FEB_2026,WEEKEND,514,0,,,50,3,Triple,SWMSWM_JS_CITY_3PFRSS_JAN_FEB_2026WEEKEND
SWM,SWM_JS_CITY_4P,FRSS_JAN_FEB_2026,WEEKEND,549,0,,,50,4,Quad,SWMSWM_JS_CITY_4PFRSS_JAN_FEB_2026WEEKEND
SWM,SWM_JS_HARAM_2P,FRSS_JAN_FEB_2026,WEEKDAY,464,0,,,50,2,Double,SWMSWM_JS_HARAM_2PFRSS_JAN_FEB_2026WEEKDAY
SWM,SWM_JS_HARAM_3P,FRSS_JAN_FEB_2026,WEEKDAY,499,0,,,50,3,Triple,SWMSWM_JS_HARAM_3PFRSS_JAN_FEB_2026WEEKDAY
SWM,SWM_JS_HARAM_4P,FRSS_JAN_FEB_2026,WEEKDAY,534,0,,,50,4,Quad,SWMSWM_JS_HARAM_4PFRSS_JAN_FEB_2026WEEKDAY
SWM,SWM_JS_HARAM_2P,FRSS_JAN_FEB_2026,WEEKEND,499,0,,,50,2,Double,SWMSWM_JS_HARAM_2PFRSS_JAN_FEB_2026WEEKEND
SWM,SWM_JS_HARAM_3P,FRSS_JAN_FEB_2026,WEEKEND,534,0,,,50,3,Triple,SWMSWM_JS_HARAM_3PFRSS_JAN_FEB_2026WEEKEND
SWM,SWM_JS_HARAM_4P,FRSS_JAN_FEB_2026,WEEKEND,570,0,,,50,4,Quad,SWMSWM_JS_HARAM_4PFRSS_JAN_FEB_2026WEEKEND
SWM,SWM_JS_KAABA_2P,FRSS_JAN_FEB_2026,WEEKDAY,505,0,,,50,2,Double,SWMSWM_JS_KAABA_2PFRSS_JAN_FEB_2026WEEKDAY
SWM,SWM_JS_KAABA_3P,FRSS_JAN_FEB_2026,WEEKDAY,540,0,,,50,3,Triple,SWMSWM_JS_KAABA_3PFRSS_JAN_FEB_2026WEEKDAY
SWM,SWM_JS_KAABA_4P,FRSS_JAN_FEB_2026,WEEKDAY,575,0,,,50,4,Quad,SWMSWM_JS_KAABA_4PFRSS_JAN_FEB_2026WEEKDAY
SWM,SWM_JS_KAABA_2P,FRSS_JAN_FEB_2026,WEEKEND,543,0,,,50,2,Double,SWMSWM_JS_KAABA_2PFRSS_JAN_FEB_2026WEEKEND
SWM,SWM_JS_KAABA_3P,FRSS_JAN_FEB_2026,WEEKEND,578,0,,,50,3,Triple,SWMSWM_JS_KAABA_3PFRSS_JAN_FEB_2026WEEKEND
SWM,SWM_JS_KAABA_4P,FRSS_JAN_FEB_2026,WEEKEND,614,0,,,50,4,Quad,SWMSWM_JS_KAABA_4PFRSS_JAN_FEB_2026WEEKEND
SWM,SWM_CITY_2P,FRSS_MAR_APR_2026,WEEKDAY,238,0,,,34,2,Double,SWMSWM_CITY_2PFRSS_MAR_APR_2026WEEKDAY
SWM,SWM_CITY_3P,FRSS_MAR_APR_2026,WEEKDAY,273,0,,,34,3,Triple,SWMSWM_CITY_3PFRSS_MAR_APR_2026WEEKDAY
SWM,SWM_CITY_4P,FRSS_MAR_APR_2026,WEEKDAY,308,0,,,34,4,Quad,SWMSWM_CITY_4PFRSS_MAR_APR_2026WEEKDAY
SWM,SWM_CITY_2P,FRSS_MAR_APR_2026,WEEKEND,256,0,,,34,2,Double,SWMSWM_CITY_2PFRSS_MAR_APR_2026WEEKEND
SWM,SWM_CITY_3P,FRSS_MAR_APR_2026,WEEKEND,291,0,,,34,3,Triple,SWMSWM_CITY_3PFRSS_MAR_APR_2026WEEKEND
SWM,SWM_CITY_4P,FRSS_MAR_APR_2026,WEEKEND,326,0,,,34,4,Quad,SWMSWM_CITY_4PFRSS_MAR_APR_2026WEEKEND
SWM,SWM_HARAM_2P,FRSS_MAR_APR_2026,WEEKDAY,264,0,,,34,2,Double,SWMSWM_HARAM_2PFRSS_MAR_APR_2026WEEKDAY
SWM,SWM_HARAM_3P,FRSS_MAR_APR_2026,WEEKDAY,300,0,,,34,3,Triple,SWMSWM_HARAM_3PFRSS_MAR_APR_2026WEEKDAY
SWM,SWM_HARAM_4P,FRSS_MAR_APR_2026,WEEKDAY,335,0,,,34,4,Quad,SWMSWM_HARAM_4PFRSS_MAR_APR_2026WEEKDAY
SWM,SWM_HARAM_2P,FRSS_MAR_APR_2026,WEEKEND,282,0,,,34,2,Double,SWMSWM_HARAM_2PFRSS_MAR_APR_2026WEEKEND
SWM,SWM_HARAM_3P,FRSS_MAR_APR_2026,WEEKEND,317,0,,,34,3,Triple,SWMSWM_HARAM_3PFRSS_MAR_APR_2026WEEKEND
SWM,SWM_HARAM_4P,FRSS_MAR_APR_2026,WEEKEND,352,0,,,34,4,Quad,SWMSWM_HARAM_4PFRSS_MAR_APR_2026WEEKEND
SWM,SWM_PARTIAL_KAABA_2P,FRSS_MAR_APR_2026,WEEKDAY,314,0,,,32,2,Double,SWMSWM_PARTIAL_KAABA_2PFRSS_MAR_APR_2026WEEKDAY
SWM,SWM_PARTIAL_KAABA_3P,FRSS_MAR_APR_2026,WEEKDAY,350,0,,,32,3,Triple,SWMSWM_PARTIAL_KAABA_3PFRSS_MAR_APR_2026WEEKDAY
SWM,SWM_PARTIAL_KAABA_4P,FRSS_MAR_APR_2026,WEEKDAY,385,0,,,32,4,Quad,SWMSWM_PARTIAL_KAABA_4PFRSS_MAR_APR_2026WEEKDAY
SWM,SWM_PARTIAL_KAABA_2P,FRSS_MAR_APR_2026,WEEKEND,332,0,,,32,2,Double,SWMSWM_PARTIAL_KAABA_2PFRSS_MAR_APR_2026WEEKEND
SWM,SWM_PARTIAL_KAABA_3P,FRSS_MAR_APR_2026,WEEKEND,367,0,,,32,3,Triple,SWMSWM_PARTIAL_KAABA_3PFRSS_MAR_APR_2026WEEKEND
SWM,SWM_PARTIAL_KAABA_4P,FRSS_MAR_APR_2026,WEEKEND,402,0,,,32,4,Quad,SWMSWM_PARTIAL_KAABA_4PFRSS_MAR_APR_2026WEEKEND
SWM,SWM_KAABA_PREM_2P,FRSS_MAR_APR_2026,WEEKDAY,364,0,,,35,2,Double,SWMSWM_KAABA_PREM_2PFRSS_MAR_APR_2026WEEKDAY
SWM,SWM_KAABA_PREM_3P,FRSS_MAR_APR_2026,WEEKDAY,399,0,,,35,3,Triple,SWMSWM_KAABA_PREM_3PFRSS_MAR_APR_2026WEEKDAY
SWM,SWM_KAABA_PREM_2P,FRSS_MAR_APR_2026,WEEKEND,382,0,,,35,2,Double,SWMSWM_KAABA_PREM_2PFRSS_MAR_APR_2026WEEKEND
SWM,SWM_KAABA_PREM_3P,FRSS_MAR_APR_2026,WEEKEND,417,0,,,35,3,Triple,SWMSWM_KAABA_PREM_3PFRSS_MAR_APR_2026WEEKEND
SWM,SWM_JS_CITY_2P,FRSS_MAR_APR_2026,WEEKDAY,350,0,,,50,2,Double,SWMSWM_JS_CITY_2PFRSS_MAR_APR_2026WEEKDAY
SWM,SWM_JS_CITY_3P,FRSS_MAR_APR_2026,WEEKDAY,385,0,,,50,3,Triple,SWMSWM_JS_CITY_3PFRSS_MAR_APR_2026WEEKDAY
SWM,SWM_JS_CITY_4P,FRSS_MAR_APR_2026,WEEKDAY,420,0,,,50,4,Quad,SWMSWM_JS_CITY_4PFRSS_MAR_APR_2026WEEKDAY
SWM,SWM_JS_CITY_2P,FRSS_MAR_APR_2026,WEEKEND,370,0,,,50,2,Double,SWMSWM_JS_CITY_2PFRSS_MAR_APR_2026WEEKEND
SWM,SWM_JS_CITY_3P,FRSS_MAR_APR_2026,WEEKEND,405,0,,,50,3,Triple,SWMSWM_JS_CITY_3PFRSS_MAR_APR_2026WEEKEND
SWM,SWM_JS_CITY_4P,FRSS_MAR_APR_2026,WEEKEND,440,0,,,50,4,Quad,SWMSWM_JS_CITY_4PFRSS_MAR_APR_2026WEEKEND
SWM,SWM_JS_HARAM_2P,FRSS_MAR_APR_2026,WEEKDAY,382,0,,,50,2,Double,SWMSWM_JS_HARAM_2PFRSS_MAR_APR_2026WEEKDAY
SWM,SWM_JS_HARAM_3P,FRSS_MAR_APR_2026,WEEKDAY,417,0,,,50,3,Triple,SWMSWM_JS_HARAM_3PFRSS_MAR_APR_2026WEEKDAY
SWM,SWM_JS_HARAM_4P,FRSS_MAR_APR_2026,WEEKDAY,452,0,,,50,4,Quad,SWMSWM_JS_HARAM_4PFRSS_MAR_APR_2026WEEKDAY
SWM,SWM_JS_HARAM_2P,FRSS_MAR_APR_2026,WEEKEND,402,0,,,50,2,Double,SWMSWM_JS_HARAM_2PFRSS_MAR_APR_2026WEEKEND
SWM,SWM_JS_HARAM_3P,FRSS_MAR_APR_2026,WEEKEND,438,0,,,50,3,Triple,SWMSWM_JS_HARAM_3PFRSS_MAR_APR_2026WEEKEND
SWM,SWM_JS_HARAM_4P,FRSS_MAR_APR_2026,WEEKEND,473,0,,,50,4,Quad,SWMSWM_JS_HARAM_4PFRSS_MAR_APR_2026WEEKEND
SWM,SWM_JS_KAABA_2P,FRSS_MAR_APR_2026,WEEKDAY,414,0,,,50,2,Double,SWMSWM_JS_KAABA_2PFRSS_MAR_APR_2026WEEKDAY
SWM,SWM_JS_KAABA_3P,FRSS_MAR_APR_2026,WEEKDAY,449,0,,,50,3,Triple,SWMSWM_JS_KAABA_3PFRSS_MAR_APR_2026WEEKDAY
SWM,SWM_JS_KAABA_4P,FRSS_MAR_APR_2026,WEEKDAY,484,0,,,50,4,Quad,SWMSWM_JS_KAABA_4PFRSS_MAR_APR_2026WEEKDAY
SWM,SWM_JS_KAABA_2P,FRSS_MAR_APR_2026,WEEKEND,432,0,,,50,2,Double,SWMSWM_JS_KAABA_2PFRSS_MAR_APR_2026WEEKEND
SWM,SWM_JS_KAABA_3P,FRSS_MAR_APR_2026,WEEKEND,467,0,,,50,3,Triple,SWMSWM_JS_KAABA_3PFRSS_MAR_APR_2026WEEKEND
SWM,SWM_JS_KAABA_4P,FRSS_MAR_APR_2026,WEEKEND,502,0,,,50,4,Quad,SWMSWM_JS_KAABA_4PFRSS_MAR_APR_2026WEEKEND
SWM,SWM_CITY_2P,FRSS_APR_JUN_2026,WEEKDAY,179,0,,,34,2,Double,SWMSWM_CITY_2PFRSS_APR_JUN_2026WEEKDAY
SWM,SWM_CITY_3P,FRSS_APR_JUN_2026,WEEKDAY,215,0,,,34,3,Triple,SWMSWM_CITY_3PFRSS_APR_JUN_2026WEEKDAY
SWM,SWM_CITY_4P,FRSS_APR_JUN_2026,WEEKDAY,250,0,,,34,4,Quad,SWMSWM_CITY_4PFRSS_APR_JUN_2026WEEKDAY
SWM,SWM_CITY_2P,FRSS_APR_JUN_2026,WEEKEND,191,0,,,34,2,Double,SWMSWM_CITY_2PFRSS_APR_JUN_2026WEEKEND
SWM,SWM_CITY_3P,FRSS_APR_JUN_2026,WEEKEND,226,0,,,34,3,Triple,SWMSWM_CITY_3PFRSS_APR_JUN_2026WEEKEND
SWM,SWM_CITY_4P,FRSS_APR_JUN_2026,WEEKEND,262,0,,,34,4,Quad,SWMSWM_CITY_4PFRSS_APR_JUN_2026WEEKEND
SWM,SWM_HARAM_2P,FRSS_APR_JUN_2026,WEEKDAY,197,0,,,34,2,Double,SWMSWM_HARAM_2PFRSS_APR_JUN_2026WEEKDAY
SWM,SWM_HARAM_3P,FRSS_APR_JUN_2026,WEEKDAY,232,0,,,34,3,Triple,SWMSWM_HARAM_3PFRSS_APR_JUN_2026WEEKDAY
SWM,SWM_HARAM_4P,FRSS_APR_JUN_2026,WEEKDAY,267,0,,,34,4,Quad,SWMSWM_HARAM_4PFRSS_APR_JUN_2026WEEKDAY
SWM,SWM_HARAM_2P,FRSS_APR_JUN_2026,WEEKEND,209,0,,,34,2,Double,SWMSWM_HARAM_2PFRSS_APR_JUN_2026WEEKEND
SWM,SWM_HARAM_3P,FRSS_APR_JUN_2026,WEEKEND,244,0,,,34,3,Triple,SWMSWM_HARAM_3PFRSS_APR_JUN_2026WEEKEND
SWM,SWM_HARAM_4P,FRSS_APR_JUN_2026,WEEKEND,279,0,,,34,4,Quad,SWMSWM_HARAM_4PFRSS_APR_JUN_2026WEEKEND
SWM,SWM_PARTIAL_KAABA_2P,FRSS_APR_JUN_2026,WEEKDAY,229,0,,,32,2,Double,SWMSWM_PARTIAL_KAABA_2PFRSS_APR_JUN_2026WEEKDAY
SWM,SWM_PARTIAL_KAABA_3P,FRSS_APR_JUN_2026,WEEKDAY,264,0,,,32,3,Triple,SWMSWM_PARTIAL_KAABA_3PFRSS_APR_JUN_2026WEEKDAY
SWM,SWM_PARTIAL_KAABA_4P,FRSS_APR_JUN_2026,WEEKDAY,300,0,,,32,4,Quad,SWMSWM_PARTIAL_KAABA_4PFRSS_APR_JUN_2026WEEKDAY
SWM,SWM_PARTIAL_KAABA_2P,FRSS_APR_JUN_2026,WEEKEND,241,0,,,32,2,Double,SWMSWM_PARTIAL_KAABA_2PFRSS_APR_JUN_2026WEEKEND
SWM,SWM_PARTIAL_KAABA_3P,FRSS_APR_JUN_2026,WEEKEND,276,0,,,32,3,Triple,SWMSWM_PARTIAL_KAABA_3PFRSS_APR_JUN_2026WEEKEND
SWM,SWM_PARTIAL_KAABA_4P,FRSS_APR_JUN_2026,WEEKEND,311,0,,,32,4,Quad,SWMSWM_PARTIAL_KAABA_4PFRSS_APR_JUN_2026WEEKEND
SWM,SWM_KAABA_PREM_2P,FRSS_APR_JUN_2026,WEEKDAY,273,0,,,35,2,Double,SWMSWM_KAABA_PREM_2PFRSS_APR_JUN_2026WEEKDAY
SWM,SWM_KAABA_PREM_3P,FRSS_APR_JUN_2026,WEEKDAY,308,0,,,35,3,Triple,SWMSWM_KAABA_PREM_3PFRSS_APR_JUN_2026WEEKDAY
SWM,SWM_KAABA_PREM_2P,FRSS_APR_JUN_2026,WEEKEND,285,0,,,35,2,Double,SWMSWM_KAABA_PREM_2PFRSS_APR_JUN_2026WEEKEND
SWM,SWM_KAABA_PREM_3P,FRSS_APR_JUN_2026,WEEKEND,320,0,,,35,3,Triple,SWMSWM_KAABA_PREM_3PFRSS_APR_JUN_2026WEEKEND
SWM,SWM_JS_CITY_2P,FRSS_APR_JUN_2026,WEEKDAY,291,0,,,50,2,Double,SWMSWM_JS_CITY_2PFRSS_APR_JUN_2026WEEKDAY
SWM,SWM_JS_CITY_3P,FRSS_APR_JUN_2026,WEEKDAY,326,0,,,50,3,Triple,SWMSWM_JS_CITY_3PFRSS_APR_JUN_2026WEEKDAY
SWM,SWM_JS_CITY_4P,FRSS_APR_JUN_2026,WEEKDAY,361,0,,,50,4,Quad,SWMSWM_JS_CITY_4PFRSS_APR_JUN_2026WEEKDAY
SWM,SWM_JS_CITY_2P,FRSS_APR_JUN_2026,WEEKEND,303,0,,,50,2,Double,SWMSWM_JS_CITY_2PFRSS_APR_JUN_2026WEEKEND
SWM,SWM_JS_CITY_3P,FRSS_APR_JUN_2026,WEEKEND,338,0,,,50,3,Triple,SWMSWM_JS_CITY_3PFRSS_APR_JUN_2026WEEKEND
SWM,SWM_JS_CITY_4P,FRSS_APR_JUN_2026,WEEKEND,373,0,,,50,4,Quad,SWMSWM_JS_CITY_4PFRSS_APR_JUN_2026WEEKEND
SWM,SWM_JS_HARAM_2P,FRSS_APR_JUN_2026,WEEKDAY,308,0,,,50,2,Double,SWMSWM_JS_HARAM_2PFRSS_APR_JUN_2026WEEKDAY
SWM,SWM_JS_HARAM_3P,FRSS_APR_JUN_2026,WEEKDAY,344,0,,,50,3,Triple,SWMSWM_JS_HARAM_3PFRSS_APR_JUN_2026WEEKDAY
SWM,SWM_JS_HARAM_4P,FRSS_APR_JUN_2026,WEEKDAY,379,0,,,50,4,Quad,SWMSWM_JS_HARAM_4PFRSS_APR_JUN_2026WEEKDAY
SWM,SWM_JS_HARAM_2P,FRSS_APR_JUN_2026,WEEKEND,320,0,,,50,2,Double,SWMSWM_JS_HARAM_2PFRSS_APR_JUN_2026WEEKEND
SWM,SWM_JS_HARAM_3P,FRSS_APR_JUN_2026,WEEKEND,355,0,,,50,3,Triple,SWMSWM_JS_HARAM_3PFRSS_APR_JUN_2026WEEKEND
SWM,SWM_JS_HARAM_4P,FRSS_APR_JUN_2026,WEEKEND,391,0,,,50,4,Quad,SWMSWM_JS_HARAM_4PFRSS_APR_JUN_2026WEEKEND
SWM,SWM_JS_KAABA_2P,FRSS_APR_JUN_2026,WEEKDAY,347,0,,,50,2,Double,SWMSWM_JS_KAABA_2PFRSS_APR_JUN_2026WEEKDAY
SWM,SWM_JS_KAABA_3P,FRSS_APR_JUN_2026,WEEKDAY,382,0,,,50,3,Triple,SWMSWM_JS_KAABA_3PFRSS_APR_JUN_2026WEEKDAY
SWM,SWM_JS_KAABA_4P,FRSS_APR_JUN_2026,WEEKDAY,417,0,,,50,4,Quad,SWMSWM_JS_KAABA_4PFRSS_APR_JUN_2026WEEKDAY
SWM,SWM_JS_KAABA_2P,FRSS_APR_JUN_2026,WEEKEND,358,0,,,50,2,Double,SWMSWM_JS_KAABA_2PFRSS_APR_JUN_2026WEEKEND
SWM,SWM_JS_KAABA_3P,FRSS_APR_JUN_2026,WEEKEND,394,0,,,50,3,Triple,SWMSWM_JS_KAABA_3PFRSS_APR_JUN_2026WEEKEND
SWM,SWM_JS_KAABA_4P,FRSS_APR_JUN_2026,WEEKEND,429,0,,,50,4,Quad,SWMSWM_JS_KAABA_4PFRSS_APR_JUN_2026WEEKEND
SWK,SWK_CITY_2P,FRSS_OCT_DEC_2025,WEEKDAY,306,0,,,32,2,Double,SWKSWK_CITY_2PFRSS_OCT_DEC_2025WEEKDAY
SWK,SWK_CITY_3P,FRSS_OCT_DEC_2025,WEEKDAY,341,0,,,32,3,Triple,SWKSWK_CITY_3PFRSS_OCT_DEC_2025WEEKDAY
SWK,SWK_CITY_4P,FRSS_OCT_DEC_2025,WEEKDAY,376,0,,,32,4,Quad,SWKSWK_CITY_4PFRSS_OCT_DEC_2025WEEKDAY
SWK,SWK_CITY_2P,FRSS_OCT_DEC_2025,WEEKEND,344,0,,,32,2,Double,SWKSWK_CITY_2PFRSS_OCT_DEC_2025WEEKEND
SWK,SWK_CITY_3P,FRSS_OCT_DEC_2025,WEEKEND,379,0,,,32,3,Triple,SWKSWK_CITY_3PFRSS_OCT_DEC_2025WEEKEND
SWK,SWK_CITY_4P,FRSS_OCT_DEC_2025,WEEKEND,414,0,,,32,4,Quad,SWKSWK_CITY_4PFRSS_OCT_DEC_2025WEEKEND
SWK,SWK_HARAM_2P,FRSS_OCT_DEC_2025,WEEKDAY,332,0,,,32,2,Double,SWKSWK_HARAM_2PFRSS_OCT_DEC_2025WEEKDAY
SWK,SWK_HARAM_3P,FRSS_OCT_DEC_2025,WEEKDAY,367,0,,,32,3,Triple,SWKSWK_HARAM_3PFRSS_OCT_DEC_2025WEEKDAY
SWK,SWK_HARAM_4P,FRSS_OCT_DEC_2025,WEEKDAY,402,0,,,32,4,Quad,SWKSWK_HARAM_4PFRSS_OCT_DEC_2025WEEKDAY
SWK,SWK_HARAM_2P,FRSS_OCT_DEC_2025,WEEKEND,370,0,,,32,2,Double,SWKSWK_HARAM_2PFRSS_OCT_DEC_2025WEEKEND
SWK,SWK_HARAM_3P,FRSS_OCT_DEC_2025,WEEKEND,405,0,,,32,3,Triple,SWKSWK_HARAM_3PFRSS_OCT_DEC_2025WEEKEND
SWK,SWK_HARAM_4P,FRSS_OCT_DEC_2025,WEEKEND,440,0,,,32,4,Quad,SWKSWK_HARAM_4PFRSS_OCT_DEC_2025WEEKEND
SWK,SWK_PARTIAL_KAABA_2P,FRSS_OCT_DEC_2025,WEEKDAY,394,0,,,32,2,Double,SWKSWK_PARTIAL_KAABA_2PFRSS_OCT_DEC_2025WEEKDAY
SWK,SWK_PARTIAL_KAABA_3P,FRSS_OCT_DEC_2025,WEEKDAY,429,0,,,32,3,Triple,SWKSWK_PARTIAL_KAABA_3PFRSS_OCT_DEC_2025WEEKDAY
SWK,SWK_PARTIAL_KAABA_4P,FRSS_OCT_DEC_2025,WEEKDAY,464,0,,,32,4,Quad,SWKSWK_PARTIAL_KAABA_4PFRSS_OCT_DEC_2025WEEKDAY
SWK,SWK_PARTIAL_KAABA_2P,FRSS_OCT_DEC_2025,WEEKEND,429,0,,,32,2,Double,SWKSWK_PARTIAL_KAABA_2PFRSS_OCT_DEC_2025WEEKEND
SWK,SWK_PARTIAL_KAABA_3P,FRSS_OCT_DEC_2025,WEEKEND,464,0,,,32,3,Triple,SWKSWK_PARTIAL_KAABA_3PFRSS_OCT_DEC_2025WEEKEND
SWK,SWK_PARTIAL_KAABA_4P,FRSS_OCT_DEC_2025,WEEKEND,499,0,,,32,4,Quad,SWKSWK_PARTIAL_KAABA_4PFRSS_OCT_DEC_2025WEEKEND
SWK,SWK_KAABA_PREM_2P,FRSS_OCT_DEC_2025,WEEKDAY,446,0,,,35,2,Double,SWKSWK_KAABA_PREM_2PFRSS_OCT_DEC_2025WEEKDAY
SWK,SWK_KAABA_PREM_3P,FRSS_OCT_DEC_2025,WEEKDAY,482,0,,,35,3,Triple,SWKSWK_KAABA_PREM_3PFRSS_OCT_DEC_2025WEEKDAY
SWK,SWK_KAABA_PREM_2P,FRSS_OCT_DEC_2025,WEEKEND,482,0,,,35,2,Double,SWKSWK_KAABA_PREM_2PFRSS_OCT_DEC_2025WEEKEND
SWK,SWK_KAABA_PREM_3P,FRSS_OCT_DEC_2025,WEEKEND,517,0,,,35,3,Triple,SWKSWK_KAABA_PREM_3PFRSS_OCT_DEC_2025WEEKEND
SWK,SWK_JS_CITY_2P,FRSS_OCT_DEC_2025,WEEKDAY,493,0,,,50,2,Double,SWKSWK_JS_CITY_2PFRSS_OCT_DEC_2025WEEKDAY
SWK,SWK_JS_CITY_3P,FRSS_OCT_DEC_2025,WEEKDAY,528,0,,,50,3,Triple,SWKSWK_JS_CITY_3PFRSS_OCT_DEC_2025WEEKDAY
SWK,SWK_JS_CITY_4P,FRSS_OCT_DEC_2025,WEEKDAY,564,0,,,50,4,Quad,SWKSWK_JS_CITY_4PFRSS_OCT_DEC_2025WEEKDAY
SWK,SWK_JS_CITY_2P,FRSS_OCT_DEC_2025,WEEKEND,528,0,,,50,2,Double,SWKSWK_JS_CITY_2PFRSS_OCT_DEC_2025WEEKEND
SWK,SWK_JS_CITY_3P,FRSS_OCT_DEC_2025,WEEKEND,564,0,,,50,3,Triple,SWKSWK_JS_CITY_3PFRSS_OCT_DEC_2025WEEKEND
SWK,SWK_JS_CITY_4P,FRSS_OCT_DEC_2025,WEEKEND,599,0,,,50,4,Quad,SWKSWK_JS_CITY_4PFRSS_OCT_DEC_2025WEEKEND
SWK,SWK_JS_HARAM_2P,FRSS_OCT_DEC_2025,WEEKDAY,514,0,,,50,2,Double,SWKSWK_JS_HARAM_2PFRSS_OCT_DEC_2025WEEKDAY
SWK,SWK_JS_HARAM_3P,FRSS_OCT_DEC_2025,WEEKDAY,549,0,,,50,3,Triple,SWKSWK_JS_HARAM_3PFRSS_OCT_DEC_2025WEEKDAY
SWK,SWK_JS_HARAM_4P,FRSS_OCT_DEC_2025,WEEKDAY,584,0,,,50,4,Quad,SWKSWK_JS_HARAM_4PFRSS_OCT_DEC_2025WEEKDAY
SWK,SWK_JS_HARAM_2P,FRSS_OCT_DEC_2025,WEEKEND,549,0,,,50,2,Double,SWKSWK_JS_HARAM_2PFRSS_OCT_DEC_2025WEEKEND
SWK,SWK_JS_HARAM_3P,FRSS_OCT_DEC_2025,WEEKEND,584,0,,,50,3,Triple,SWKSWK_JS_HARAM_3PFRSS_OCT_DEC_2025WEEKEND
SWK,SWK_JS_HARAM_4P,FRSS_OCT_DEC_2025,WEEKEND,619,0,,,50,4,Quad,SWKSWK_JS_HARAM_4PFRSS_OCT_DEC_2025WEEKEND
SWK,SWK_JS_KAABA_2P,FRSS_OCT_DEC_2025,WEEKDAY,578,0,,,50,2,Double,SWKSWK_JS_KAABA_2PFRSS_OCT_DEC_2025WEEKDAY
SWK,SWK_JS_KAABA_3P,FRSS_OCT_DEC_2025,WEEKDAY,614,0,,,50,3,Triple,SWKSWK_JS_KAABA_3PFRSS_OCT_DEC_2025WEEKDAY
SWK,SWK_JS_KAABA_4P,FRSS_OCT_DEC_2025,WEEKDAY,649,0,,,50,4,Quad,SWKSWK_JS_KAABA_4PFRSS_OCT_DEC_2025WEEKDAY
SWK,SWK_JS_KAABA_2P,FRSS_OCT_DEC_2025,WEEKEND,616,0,,,50,2,Double,SWKSWK_JS_KAABA_2PFRSS_OCT_DEC_2025WEEKEND
SWK,SWK_JS_KAABA_3P,FRSS_OCT_DEC_2025,WEEKEND,652,0,,,50,3,Triple,SWKSWK_JS_KAABA_3PFRSS_OCT_DEC_2025WEEKEND
SWK,SWK_JS_KAABA_4P,FRSS_OCT_DEC_2025,WEEKEND,687,0,,,50,4,Quad,SWKSWK_JS_KAABA_4PFRSS_OCT_DEC_2025WEEKEND
SWK,SWK_CITY_2P,FRSS_DEC_JAN_2026,WEEKDAY,479,0,,,32,2,Double,SWKSWK_CITY_2PFRSS_DEC_JAN_2026WEEKDAY
SWK,SWK_CITY_3P,FRSS_DEC_JAN_2026,WEEKDAY,514,0,,,32,3,Triple,SWKSWK_CITY_3PFRSS_DEC_JAN_2026WEEKDAY
SWK,SWK_CITY_4P,FRSS_DEC_JAN_2026,WEEKDAY,549,0,,,32,4,Quad,SWKSWK_CITY_4PFRSS_DEC_JAN_2026WEEKDAY
SWK,SWK_CITY_2P,FRSS_DEC_JAN_2026,WEEKEND,517,0,,,32,2,Double,SWKSWK_CITY_2PFRSS_DEC_JAN_2026WEEKEND
SWK,SWK_CITY_3P,FRSS_DEC_JAN_2026,WEEKEND,552,0,,,32,3,Triple,SWKSWK_CITY_3PFRSS_DEC_JAN_2026WEEKEND
SWK,SWK_CITY_4P,FRSS_DEC_JAN_2026,WEEKEND,587,0,,,32,4,Quad,SWKSWK_CITY_4PFRSS_DEC_JAN_2026WEEKEND
SWK,SWK_HARAM_2P,FRSS_DEC_JAN_2026,WEEKDAY,508,0,,,32,2,Double,SWKSWK_HARAM_2PFRSS_DEC_JAN_2026WEEKDAY
SWK,SWK_HARAM_3P,FRSS_DEC_JAN_2026,WEEKDAY,543,0,,,32,3,Triple,SWKSWK_HARAM_3PFRSS_DEC_JAN_2026WEEKDAY
SWK,SWK_HARAM_4P,FRSS_DEC_JAN_2026,WEEKDAY,578,0,,,32,4,Quad,SWKSWK_HARAM_4PFRSS_DEC_JAN_2026WEEKDAY
SWK,SWK_HARAM_2P,FRSS_DEC_JAN_2026,WEEKEND,546,0,,,32,2,Double,SWKSWK_HARAM_2PFRSS_DEC_JAN_2026WEEKEND
SWK,SWK_HARAM_3P,FRSS_DEC_JAN_2026,WEEKEND,581,0,,,32,3,Triple,SWKSWK_HARAM_3PFRSS_DEC_JAN_2026WEEKEND
SWK,SWK_HARAM_4P,FRSS_DEC_JAN_2026,WEEKEND,616,0,,,32,4,Quad,SWKSWK_HARAM_4PFRSS_DEC_JAN_2026WEEKEND
SWK,SWK_PARTIAL_KAABA_2P,FRSS_DEC_JAN_2026,WEEKDAY,593,0,,,32,2,Double,SWKSWK_PARTIAL_KAABA_2PFRSS_DEC_JAN_2026WEEKDAY
SWK,SWK_PARTIAL_KAABA_3P,FRSS_DEC_JAN_2026,WEEKDAY,628,0,,,32,3,Triple,SWKSWK_PARTIAL_KAABA_3PFRSS_DEC_JAN_2026WEEKDAY
SWK,SWK_PARTIAL_KAABA_4P,FRSS_DEC_JAN_2026,WEEKDAY,663,0,,,32,4,Quad,SWKSWK_PARTIAL_KAABA_4PFRSS_DEC_JAN_2026WEEKDAY
SWK,SWK_PARTIAL_KAABA_2P,FRSS_DEC_JAN_2026,WEEKEND,628,0,,,32,2,Double,SWKSWK_PARTIAL_KAABA_2PFRSS_DEC_JAN_2026WEEKEND
SWK,SWK_PARTIAL_KAABA_3P,FRSS_DEC_JAN_2026,WEEKEND,663,0,,,32,3,Triple,SWKSWK_PARTIAL_KAABA_3PFRSS_DEC_JAN_2026WEEKEND
SWK,SWK_PARTIAL_KAABA_4P,FRSS_DEC_JAN_2026,WEEKEND,698,0,,,32,4,Quad,SWKSWK_PARTIAL_KAABA_4PFRSS_DEC_JAN_2026WEEKEND
SWK,SWK_KAABA_PREM_2P,FRSS_DEC_JAN_2026,WEEKDAY,646,0,,,35,2,Double,SWKSWK_KAABA_PREM_2PFRSS_DEC_JAN_2026WEEKDAY
SWK,SWK_KAABA_PREM_3P,FRSS_DEC_JAN_2026,WEEKDAY,681,0,,,35,3,Triple,SWKSWK_KAABA_PREM_3PFRSS_DEC_JAN_2026WEEKDAY
SWK,SWK_KAABA_PREM_2P,FRSS_DEC_JAN_2026,WEEKEND,681,0,,,35,2,Double,SWKSWK_KAABA_PREM_2PFRSS_DEC_JAN_2026WEEKEND
SWK,SWK_KAABA_PREM_3P,FRSS_DEC_JAN_2026,WEEKEND,716,0,,,35,3,Triple,SWKSWK_KAABA_PREM_3PFRSS_DEC_JAN_2026WEEKEND
SWK,SWK_JS_CITY_2P,FRSS_DEC_JAN_2026,WEEKDAY,666,0,,,50,2,Double,SWKSWK_JS_CITY_2PFRSS_DEC_JAN_2026WEEKDAY
SWK,SWK_JS_CITY_3P,FRSS_DEC_JAN_2026,WEEKDAY,701,0,,,50,3,Triple,SWKSWK_JS_CITY_3PFRSS_DEC_JAN_2026WEEKDAY
SWK,SWK_JS_CITY_4P,FRSS_DEC_JAN_2026,WEEKDAY,736,0,,,50,4,Quad,SWKSWK_JS_CITY_4PFRSS_DEC_JAN_2026WEEKDAY
SWK,SWK_JS_CITY_2P,FRSS_DEC_JAN_2026,WEEKEND,704,0,,,50,2,Double,SWKSWK_JS_CITY_2PFRSS_DEC_JAN_2026WEEKEND
SWK,SWK_JS_CITY_3P,FRSS_DEC_JAN_2026,WEEKEND,739,0,,,50,3,Triple,SWKSWK_JS_CITY_3PFRSS_DEC_JAN_2026WEEKEND
SWK,SWK_JS_CITY_4P,FRSS_DEC_JAN_2026,WEEKEND,775,0,,,50,4,Quad,SWKSWK_JS_CITY_4PFRSS_DEC_JAN_2026WEEKEND
SWK,SWK_JS_HARAM_2P,FRSS_DEC_JAN_2026,WEEKDAY,687,0,,,50,2,Double,SWKSWK_JS_HARAM_2PFRSS_DEC_JAN_2026WEEKDAY
SWK,SWK_JS_HARAM_3P,FRSS_DEC_JAN_2026,WEEKDAY,722,0,,,50,3,Triple,SWKSWK_JS_HARAM_3PFRSS_DEC_JAN_2026WEEKDAY
SWK,SWK_JS_HARAM_4P,FRSS_DEC_JAN_2026,WEEKDAY,757,0,,,50,4,Quad,SWKSWK_JS_HARAM_4PFRSS_DEC_JAN_2026WEEKDAY
SWK,SWK_JS_HARAM_2P,FRSS_DEC_JAN_2026,WEEKEND,725,0,,,50,2,Double,SWKSWK_JS_HARAM_2PFRSS_DEC_JAN_2026WEEKEND
SWK,SWK_JS_HARAM_3P,FRSS_DEC_JAN_2026,WEEKEND,760,0,,,50,3,Triple,SWKSWK_JS_HARAM_3PFRSS_DEC_JAN_2026WEEKEND
SWK,SWK_JS_HARAM_4P,FRSS_DEC_JAN_2026,WEEKEND,795,0,,,50,4,Quad,SWKSWK_JS_HARAM_4PFRSS_DEC_JAN_2026WEEKEND
SWK,SWK_JS_KAABA_2P,FRSS_DEC_JAN_2026,WEEKDAY,754,0,,,50,2,Double,SWKSWK_JS_KAABA_2PFRSS_DEC_JAN_2026WEEKDAY
SWK,SWK_JS_KAABA_3P,FRSS_DEC_JAN_2026,WEEKDAY,789,0,,,50,3,Triple,SWKSWK_JS_KAABA_3PFRSS_DEC_JAN_2026WEEKDAY
SWK,SWK_JS_KAABA_4P,FRSS_DEC_JAN_2026,WEEKDAY,824,0,,,50,4,Quad,SWKSWK_JS_KAABA_4PFRSS_DEC_JAN_2026WEEKDAY
SWK,SWK_JS_KAABA_2P,FRSS_DEC_JAN_2026,WEEKEND,792,0,,,50,2,Double,SWKSWK_JS_KAABA_2PFRSS_DEC_JAN_2026WEEKEND
SWK,SWK_JS_KAABA_3P,FRSS_DEC_JAN_2026,WEEKEND,827,0,,,50,3,Triple,SWKSWK_JS_KAABA_3PFRSS_DEC_JAN_2026WEEKEND
SWK,SWK_JS_KAABA_4P,FRSS_DEC_JAN_2026,WEEKEND,863,0,,,50,4,Quad,SWKSWK_JS_KAABA_4PFRSS_DEC_JAN_2026WEEKEND
SWK,SWK_CITY_2P,FRSS_JAN_FEB_2026,WEEKDAY,262,0,,,32,2,Double,SWKSWK_CITY_2PFRSS_JAN_FEB_2026WEEKDAY
SWK,SWK_CITY_3P,FRSS_JAN_FEB_2026,WEEKDAY,297,0,,,32,3,Triple,SWKSWK_CITY_3PFRSS_JAN_FEB_2026WEEKDAY
SWK,SWK_CITY_4P,FRSS_JAN_FEB_2026,WEEKDAY,332,0,,,32,4,Quad,SWKSWK_CITY_4PFRSS_JAN_FEB_2026WEEKDAY
SWK,SWK_CITY_2P,FRSS_JAN_FEB_2026,WEEKEND,297,0,,,32,2,Double,SWKSWK_CITY_2PFRSS_JAN_FEB_2026WEEKEND
SWK,SWK_CITY_3P,FRSS_JAN_FEB_2026,WEEKEND,332,0,,,32,3,Triple,SWKSWK_CITY_3PFRSS_JAN_FEB_2026WEEKEND
SWK,SWK_CITY_4P,FRSS_JAN_FEB_2026,WEEKEND,367,0,,,32,4,Quad,SWKSWK_CITY_4PFRSS_JAN_FEB_2026WEEKEND
SWK,SWK_HARAM_2P,FRSS_JAN_FEB_2026,WEEKDAY,288,0,,,32,2,Double,SWKSWK_HARAM_2PFRSS_JAN_FEB_2026WEEKDAY
SWK,SWK_HARAM_3P,FRSS_JAN_FEB_2026,WEEKDAY,323,0,,,32,3,Triple,SWKSWK_HARAM_3PFRSS_JAN_FEB_2026WEEKDAY
SWK,SWK_HARAM_4P,FRSS_JAN_FEB_2026,WEEKDAY,358,0,,,32,4,Quad,SWKSWK_HARAM_4PFRSS_JAN_FEB_2026WEEKDAY
SWK,SWK_HARAM_2P,FRSS_JAN_FEB_2026,WEEKEND,326,0,,,32,2,Double,SWKSWK_HARAM_2PFRSS_JAN_FEB_2026WEEKEND
SWK,SWK_HARAM_3P,FRSS_JAN_FEB_2026,WEEKEND,361,0,,,32,3,Triple,SWKSWK_HARAM_3PFRSS_JAN_FEB_2026WEEKEND
SWK,SWK_HARAM_4P,FRSS_JAN_FEB_2026,WEEKEND,396,0,,,32,4,Quad,SWKSWK_HARAM_4PFRSS_JAN_FEB_2026WEEKEND
SWK,SWK_PARTIAL_KAABA_2P,FRSS_JAN_FEB_2026,WEEKDAY,347,0,,,32,2,Double,SWKSWK_PARTIAL_KAABA_2PFRSS_JAN_FEB_2026WEEKDAY
SWK,SWK_PARTIAL_KAABA_3P,FRSS_JAN_FEB_2026,WEEKDAY,382,0,,,32,3,Triple,SWKSWK_PARTIAL_KAABA_3PFRSS_JAN_FEB_2026WEEKDAY
SWK,SWK_PARTIAL_KAABA_4P,FRSS_JAN_FEB_2026,WEEKDAY,417,0,,,32,4,Quad,SWKSWK_PARTIAL_KAABA_4PFRSS_JAN_FEB_2026WEEKDAY
SWK,SWK_PARTIAL_KAABA_2P,FRSS_JAN_FEB_2026,WEEKEND,385,0,,,32,2,Double,SWKSWK_PARTIAL_KAABA_2PFRSS_JAN_FEB_2026WEEKEND
SWK,SWK_PARTIAL_KAABA_3P,FRSS_JAN_FEB_2026,WEEKEND,420,0,,,32,3,Triple,SWKSWK_PARTIAL_KAABA_3PFRSS_JAN_FEB_2026WEEKEND
SWK,SWK_PARTIAL_KAABA_4P,FRSS_JAN_FEB_2026,WEEKEND,455,0,,,32,4,Quad,SWKSWK_PARTIAL_KAABA_4PFRSS_JAN_FEB_2026WEEKEND
SWK,SWK_KAABA_PREM_2P,FRSS_JAN_FEB_2026,WEEKDAY,399,0,,,35,2,Double,SWKSWK_KAABA_PREM_2PFRSS_JAN_FEB_2026WEEKDAY
SWK,SWK_KAABA_PREM_3P,FRSS_JAN_FEB_2026,WEEKDAY,435,0,,,35,3,Triple,SWKSWK_KAABA_PREM_3PFRSS_JAN_FEB_2026WEEKDAY
SWK,SWK_KAABA_PREM_2P,FRSS_JAN_FEB_2026,WEEKEND,438,0,,,35,2,Double,SWKSWK_KAABA_PREM_2PFRSS_JAN_FEB_2026WEEKEND
SWK,SWK_KAABA_PREM_3P,FRSS_JAN_FEB_2026,WEEKEND,473,0,,,35,3,Triple,SWKSWK_KAABA_PREM_3PFRSS_JAN_FEB_2026WEEKEND
SWK,SWK_JS_CITY_2P,FRSS_JAN_FEB_2026,WEEKDAY,446,0,,,50,2,Double,SWKSWK_JS_CITY_2PFRSS_JAN_FEB_2026WEEKDAY
SWK,SWK_JS_CITY_3P,FRSS_JAN_FEB_2026,WEEKDAY,482,0,,,50,3,Triple,SWKSWK_JS_CITY_3PFRSS_JAN_FEB_2026WEEKDAY
SWK,SWK_JS_CITY_4P,FRSS_JAN_FEB_2026,WEEKDAY,517,0,,,50,4,Quad,SWKSWK_JS_CITY_4PFRSS_JAN_FEB_2026WEEKDAY
SWK,SWK_JS_CITY_2P,FRSS_JAN_FEB_2026,WEEKEND,484,0,,,50,2,Double,SWKSWK_JS_CITY_2PFRSS_JAN_FEB_2026WEEKEND
SWK,SWK_JS_CITY_3P,FRSS_JAN_FEB_2026,WEEKEND,520,0,,,50,3,Triple,SWKSWK_JS_CITY_3PFRSS_JAN_FEB_2026WEEKEND
SWK,SWK_JS_CITY_4P,FRSS_JAN_FEB_2026,WEEKEND,555,0,,,50,4,Quad,SWKSWK_JS_CITY_4PFRSS_JAN_FEB_2026WEEKEND
SWK,SWK_JS_HARAM_2P,FRSS_JAN_FEB_2026,WEEKDAY,467,0,,,50,2,Double,SWKSWK_JS_HARAM_2PFRSS_JAN_FEB_2026WEEKDAY
SWK,SWK_JS_HARAM_3P,FRSS_JAN_FEB_2026,WEEKDAY,502,0,,,50,3,Triple,SWKSWK_JS_HARAM_3PFRSS_JAN_FEB_2026WEEKDAY
SWK,SWK_JS_HARAM_4P,FRSS_JAN_FEB_2026,WEEKDAY,537,0,,,50,4,Quad,SWKSWK_JS_HARAM_4PFRSS_JAN_FEB_2026WEEKDAY
SWK,SWK_JS_HARAM_2P,FRSS_JAN_FEB_2026,WEEKEND,505,0,,,50,2,Double,SWKSWK_JS_HARAM_2PFRSS_JAN_FEB_2026WEEKEND
SWK,SWK_JS_HARAM_3P,FRSS_JAN_FEB_2026,WEEKEND,540,0,,,50,3,Triple,SWKSWK_JS_HARAM_3PFRSS_JAN_FEB_2026WEEKEND
SWK,SWK_JS_HARAM_4P,FRSS_JAN_FEB_2026,WEEKEND,575,0,,,50,4,Quad,SWKSWK_JS_HARAM_4PFRSS_JAN_FEB_2026WEEKEND
SWK,SWK_JS_KAABA_2P,FRSS_JAN_FEB_2026,WEEKDAY,534,0,,,50,2,Double,SWKSWK_JS_KAABA_2PFRSS_JAN_FEB_2026WEEKDAY
SWK,SWK_JS_KAABA_3P,FRSS_JAN_FEB_2026,WEEKDAY,570,0,,,50,3,Triple,SWKSWK_JS_KAABA_3PFRSS_JAN_FEB_2026WEEKDAY
SWK,SWK_JS_KAABA_4P,FRSS_JAN_FEB_2026,WEEKDAY,605,0,,,50,4,Quad,SWKSWK_JS_KAABA_4PFRSS_JAN_FEB_2026WEEKDAY
SWK,SWK_JS_KAABA_2P,FRSS_JAN_FEB_2026,WEEKEND,572,0,,,50,2,Double,SWKSWK_JS_KAABA_2PFRSS_JAN_FEB_2026WEEKEND
SWK,SWK_JS_KAABA_3P,FRSS_JAN_FEB_2026,WEEKEND,608,0,,,50,3,Triple,SWKSWK_JS_KAABA_3PFRSS_JAN_FEB_2026WEEKEND
SWK,SWK_JS_KAABA_4P,FRSS_JAN_FEB_2026,WEEKEND,643,0,,,50,4,Quad,SWKSWK_JS_KAABA_4PFRSS_JAN_FEB_2026WEEKEND
SWK,SWK_CITY_2P,FRSS_MAR_APR_2026,WEEKDAY,244,0,,,32,2,Double,SWKSWK_CITY_2PFRSS_MAR_APR_2026WEEKDAY
SWK,SWK_CITY_3P,FRSS_MAR_APR_2026,WEEKDAY,279,0,,,32,3,Triple,SWKSWK_CITY_3PFRSS_MAR_APR_2026WEEKDAY
SWK,SWK_CITY_4P,FRSS_MAR_APR_2026,WEEKDAY,314,0,,,32,4,Quad,SWKSWK_CITY_4PFRSS_MAR_APR_2026WEEKDAY
SWK,SWK_CITY_2P,FRSS_MAR_APR_2026,WEEKEND,267,0,,,32,2,Double,SWKSWK_CITY_2PFRSS_MAR_APR_2026WEEKEND
SWK,SWK_CITY_3P,FRSS_MAR_APR_2026,WEEKEND,303,0,,,32,3,Triple,SWKSWK_CITY_3PFRSS_MAR_APR_2026WEEKEND
SWK,SWK_CITY_4P,FRSS_MAR_APR_2026,WEEKEND,338,0,,,32,4,Quad,SWKSWK_CITY_4PFRSS_MAR_APR_2026WEEKEND
SWK,SWK_HARAM_2P,FRSS_MAR_APR_2026,WEEKDAY,270,0,,,32,2,Double,SWKSWK_HARAM_2PFRSS_MAR_APR_2026WEEKDAY
SWK,SWK_HARAM_3P,FRSS_MAR_APR_2026,WEEKDAY,306,0,,,32,3,Triple,SWKSWK_HARAM_3PFRSS_MAR_APR_2026WEEKDAY
SWK,SWK_HARAM_4P,FRSS_MAR_APR_2026,WEEKDAY,341,0,,,32,4,Quad,SWKSWK_HARAM_4PFRSS_MAR_APR_2026WEEKDAY
SWK,SWK_HARAM_2P,FRSS_MAR_APR_2026,WEEKEND,297,0,,,32,2,Double,SWKSWK_HARAM_2PFRSS_MAR_APR_2026WEEKEND
SWK,SWK_HARAM_3P,FRSS_MAR_APR_2026,WEEKEND,332,0,,,32,3,Triple,SWKSWK_HARAM_3PFRSS_MAR_APR_2026WEEKEND
SWK,SWK_HARAM_4P,FRSS_MAR_APR_2026,WEEKEND,367,0,,,32,4,Quad,SWKSWK_HARAM_4PFRSS_MAR_APR_2026WEEKEND
SWK,SWK_PARTIAL_KAABA_2P,FRSS_MAR_APR_2026,WEEKDAY,317,0,,,32,2,Double,SWKSWK_PARTIAL_KAABA_2PFRSS_MAR_APR_2026WEEKDAY
SWK,SWK_PARTIAL_KAABA_3P,FRSS_MAR_APR_2026,WEEKDAY,352,0,,,32,3,Triple,SWKSWK_PARTIAL_KAABA_3PFRSS_MAR_APR_2026WEEKDAY
SWK,SWK_PARTIAL_KAABA_4P,FRSS_MAR_APR_2026,WEEKDAY,388,0,,,32,4,Quad,SWKSWK_PARTIAL_KAABA_4PFRSS_MAR_APR_2026WEEKDAY
SWK,SWK_PARTIAL_KAABA_2P,FRSS_MAR_APR_2026,WEEKEND,344,0,,,32,2,Double,SWKSWK_PARTIAL_KAABA_2PFRSS_MAR_APR_2026WEEKEND
SWK,SWK_PARTIAL_KAABA_3P,FRSS_MAR_APR_2026,WEEKEND,379,0,,,32,3,Triple,SWKSWK_PARTIAL_KAABA_3PFRSS_MAR_APR_2026WEEKEND
SWK,SWK_PARTIAL_KAABA_4P,FRSS_MAR_APR_2026,WEEKEND,414,0,,,32,4,Quad,SWKSWK_PARTIAL_KAABA_4PFRSS_MAR_APR_2026WEEKEND
SWK,SWK_KAABA_PREM_2P,FRSS_MAR_APR_2026,WEEKDAY,370,0,,,35,2,Double,SWKSWK_KAABA_PREM_2PFRSS_MAR_APR_2026WEEKDAY
SWK,SWK_KAABA_PREM_3P,FRSS_MAR_APR_2026,WEEKDAY,405,0,,,35,3,Triple,SWKSWK_KAABA_PREM_3PFRSS_MAR_APR_2026WEEKDAY
SWK,SWK_KAABA_PREM_2P,FRSS_MAR_APR_2026,WEEKEND,396,0,,,35,2,Double,SWKSWK_KAABA_PREM_2PFRSS_MAR_APR_2026WEEKEND
SWK,SWK_KAABA_PREM_3P,FRSS_MAR_APR_2026,WEEKEND,432,0,,,35,3,Triple,SWKSWK_KAABA_PREM_3PFRSS_MAR_APR_2026WEEKEND
SWK,SWK_JS_CITY_2P,FRSS_MAR_APR_2026,WEEKDAY,355,0,,,50,2,Double,SWKSWK_JS_CITY_2PFRSS_MAR_APR_2026WEEKDAY
SWK,SWK_JS_CITY_3P,FRSS_MAR_APR_2026,WEEKDAY,391,0,,,50,3,Triple,SWKSWK_JS_CITY_3PFRSS_MAR_APR_2026WEEKDAY
SWK,SWK_JS_CITY_4P,FRSS_MAR_APR_2026,WEEKDAY,426,0,,,50,4,Quad,SWKSWK_JS_CITY_4PFRSS_MAR_APR_2026WEEKDAY
SWK,SWK_JS_CITY_2P,FRSS_MAR_APR_2026,WEEKEND,379,0,,,50,2,Double,SWKSWK_JS_CITY_2PFRSS_MAR_APR_2026WEEKEND
SWK,SWK_JS_CITY_3P,FRSS_MAR_APR_2026,WEEKEND,414,0,,,50,3,Triple,SWKSWK_JS_CITY_3PFRSS_MAR_APR_2026WEEKEND
SWK,SWK_JS_CITY_4P,FRSS_MAR_APR_2026,WEEKEND,449,0,,,50,4,Quad,SWKSWK_JS_CITY_4PFRSS_MAR_APR_2026WEEKEND
SWK,SWK_JS_HARAM_2P,FRSS_MAR_APR_2026,WEEKDAY,388,0,,,50,2,Double,SWKSWK_JS_HARAM_2PFRSS_MAR_APR_2026WEEKDAY
SWK,SWK_JS_HARAM_3P,FRSS_MAR_APR_2026,WEEKDAY,423,0,,,50,3,Triple,SWKSWK_JS_HARAM_3PFRSS_MAR_APR_2026WEEKDAY
SWK,SWK_JS_HARAM_4P,FRSS_MAR_APR_2026,WEEKDAY,458,0,,,50,4,Quad,SWKSWK_JS_HARAM_4PFRSS_MAR_APR_2026WEEKDAY
SWK,SWK_JS_HARAM_2P,FRSS_MAR_APR_2026,WEEKEND,414,0,,,50,2,Double,SWKSWK_JS_HARAM_2PFRSS_MAR_APR_2026WEEKEND
SWK,SWK_JS_HARAM_3P,FRSS_MAR_APR_2026,WEEKEND,449,0,,,50,3,Triple,SWKSWK_JS_HARAM_3PFRSS_MAR_APR_2026WEEKEND
SWK,SWK_JS_HARAM_4P,FRSS_MAR_APR_2026,WEEKEND,484,0,,,50,4,Quad,SWKSWK_JS_HARAM_4PFRSS_MAR_APR_2026WEEKEND
SWK,SWK_JS_KAABA_2P,FRSS_MAR_APR_2026,WEEKDAY,417,0,,,50,2,Double,SWKSWK_JS_KAABA_2PFRSS_MAR_APR_2026WEEKDAY
SWK,SWK_JS_KAABA_3P,FRSS_MAR_APR_2026,WEEKDAY,452,0,,,50,3,Triple,SWKSWK_JS_KAABA_3PFRSS_MAR_APR_2026WEEKDAY
SWK,SWK_JS_KAABA_4P,FRSS_MAR_APR_2026,WEEKDAY,487,0,,,50,4,Quad,SWKSWK_JS_KAABA_4PFRSS_MAR_APR_2026WEEKDAY
SWK,SWK_JS_KAABA_2P,FRSS_MAR_APR_2026,WEEKEND,443,0,,,50,2,Double,SWKSWK_JS_KAABA_2PFRSS_MAR_APR_2026WEEKEND
SWK,SWK_JS_KAABA_3P,FRSS_MAR_APR_2026,WEEKEND,479,0,,,50,3,Triple,SWKSWK_JS_KAABA_3PFRSS_MAR_APR_2026WEEKEND
SWK,SWK_JS_KAABA_4P,FRSS_MAR_APR_2026,WEEKEND,514,0,,,50,4,Quad,SWKSWK_JS_KAABA_4PFRSS_MAR_APR_2026WEEKEND
SWK,SWK_CITY_2P,FRSS_APR_JUN_2026,WEEKDAY,185,0,,,32,2,Double,SWKSWK_CITY_2PFRSS_APR_JUN_2026WEEKDAY
SWK,SWK_CITY_3P,FRSS_APR_JUN_2026,WEEKDAY,220,0,,,32,3,Triple,SWKSWK_CITY_3PFRSS_APR_JUN_2026WEEKDAY
SWK,SWK_CITY_4P,FRSS_APR_JUN_2026,WEEKDAY,256,0,,,32,4,Quad,SWKSWK_CITY_4PFRSS_APR_JUN_2026WEEKDAY
SWK,SWK_CITY_2P,FRSS_APR_JUN_2026,WEEKEND,191,0,,,32,2,Double,SWKSWK_CITY_2PFRSS_APR_JUN_2026WEEKEND
SWK,SWK_CITY_3P,FRSS_APR_JUN_2026,WEEKEND,226,0,,,32,3,Triple,SWKSWK_CITY_3PFRSS_APR_JUN_2026WEEKEND
SWK,SWK_CITY_4P,FRSS_APR_JUN_2026,WEEKEND,262,0,,,32,4,Quad,SWKSWK_CITY_4PFRSS_APR_JUN_2026WEEKEND
SWK,SWK_HARAM_2P,FRSS_APR_JUN_2026,WEEKDAY,206,0,,,32,2,Double,SWKSWK_HARAM_2PFRSS_APR_JUN_2026WEEKDAY
SWK,SWK_HARAM_3P,FRSS_APR_JUN_2026,WEEKDAY,241,0,,,32,3,Triple,SWKSWK_HARAM_3PFRSS_APR_JUN_2026WEEKDAY
SWK,SWK_HARAM_4P,FRSS_APR_JUN_2026,WEEKDAY,276,0,,,32,4,Quad,SWKSWK_HARAM_4PFRSS_APR_JUN_2026WEEKDAY
SWK,SWK_HARAM_2P,FRSS_APR_JUN_2026,WEEKEND,209,0,,,32,2,Double,SWKSWK_HARAM_2PFRSS_APR_JUN_2026WEEKEND
SWK,SWK_HARAM_3P,FRSS_APR_JUN_2026,WEEKEND,244,0,,,32,3,Triple,SWKSWK_HARAM_3PFRSS_APR_JUN_2026WEEKEND
SWK,SWK_HARAM_4P,FRSS_APR_JUN_2026,WEEKEND,279,0,,,32,4,Quad,SWKSWK_HARAM_4PFRSS_APR_JUN_2026WEEKEND
SWK,SWK_PARTIAL_KAABA_2P,FRSS_APR_JUN_2026,WEEKDAY,235,0,,,32,2,Double,SWKSWK_PARTIAL_KAABA_2PFRSS_APR_JUN_2026WEEKDAY
SWK,SWK_PARTIAL_KAABA_3P,FRSS_APR_JUN_2026,WEEKDAY,270,0,,,32,3,Triple,SWKSWK_PARTIAL_KAABA_3PFRSS_APR_JUN_2026WEEKDAY
SWK,SWK_PARTIAL_KAABA_4P,FRSS_APR_JUN_2026,WEEKDAY,306,0,,,32,4,Quad,SWKSWK_PARTIAL_KAABA_4PFRSS_APR_JUN_2026WEEKDAY
SWK,SWK_PARTIAL_KAABA_2P,FRSS_APR_JUN_2026,WEEKEND,241,0,,,32,2,Double,SWKSWK_PARTIAL_KAABA_2PFRSS_APR_JUN_2026WEEKEND
SWK,SWK_PARTIAL_KAABA_3P,FRSS_APR_JUN_2026,WEEKEND,276,0,,,32,3,Triple,SWKSWK_PARTIAL_KAABA_3PFRSS_APR_JUN_2026WEEKEND
SWK,SWK_PARTIAL_KAABA_4P,FRSS_APR_JUN_2026,WEEKEND,311,0,,,32,4,Quad,SWKSWK_PARTIAL_KAABA_4PFRSS_APR_JUN_2026WEEKEND
SWK,SWK_KAABA_PREM_2P,FRSS_APR_JUN_2026,WEEKDAY,279,0,,,35,2,Double,SWKSWK_KAABA_PREM_2PFRSS_APR_JUN_2026WEEKDAY
SWK,SWK_KAABA_PREM_3P,FRSS_APR_JUN_2026,WEEKDAY,314,0,,,35,3,Triple,SWKSWK_KAABA_PREM_3PFRSS_APR_JUN_2026WEEKDAY
SWK,SWK_KAABA_PREM_2P,FRSS_APR_JUN_2026,WEEKEND,285,0,,,35,2,Double,SWKSWK_KAABA_PREM_2PFRSS_APR_JUN_2026WEEKEND
SWK,SWK_KAABA_PREM_3P,FRSS_APR_JUN_2026,WEEKEND,320,0,,,35,3,Triple,SWKSWK_KAABA_PREM_3PFRSS_APR_JUN_2026WEEKEND
SWK,SWK_JS_CITY_2P,FRSS_APR_JUN_2026,WEEKDAY,297,0,,,50,2,Double,SWKSWK_JS_CITY_2PFRSS_APR_JUN_2026WEEKDAY
SWK,SWK_JS_CITY_3P,FRSS_APR_JUN_2026,WEEKDAY,332,0,,,50,3,Triple,SWKSWK_JS_CITY_3PFRSS_APR_JUN_2026WEEKDAY
SWK,SWK_JS_CITY_4P,FRSS_APR_JUN_2026,WEEKDAY,367,0,,,50,4,Quad,SWKSWK_JS_CITY_4PFRSS_APR_JUN_2026WEEKDAY
SWK,SWK_JS_CITY_2P,FRSS_APR_JUN_2026,WEEKEND,303,0,,,50,2,Double,SWKSWK_JS_CITY_2PFRSS_APR_JUN_2026WEEKEND
SWK,SWK_JS_CITY_3P,FRSS_APR_JUN_2026,WEEKEND,338,0,,,50,3,Triple,SWKSWK_JS_CITY_3PFRSS_APR_JUN_2026WEEKEND
SWK,SWK_JS_CITY_4P,FRSS_APR_JUN_2026,WEEKEND,373,0,,,50,4,Quad,SWKSWK_JS_CITY_4PFRSS_APR_JUN_2026WEEKEND
SWK,SWK_JS_HARAM_2P,FRSS_APR_JUN_2026,WEEKDAY,314,0,,,50,2,Double,SWKSWK_JS_HARAM_2PFRSS_APR_JUN_2026WEEKDAY
SWK,SWK_JS_HARAM_3P,FRSS_APR_JUN_2026,WEEKDAY,350,0,,,50,3,Triple,SWKSWK_JS_HARAM_3PFRSS_APR_JUN_2026WEEKDAY
SWK,SWK_JS_HARAM_4P,FRSS_APR_JUN_2026,WEEKDAY,385,0,,,50,4,Quad,SWKSWK_JS_HARAM_4PFRSS_APR_JUN_2026WEEKDAY
SWK,SWK_JS_HARAM_2P,FRSS_APR_JUN_2026,WEEKEND,320,0,,,50,2,Double,SWKSWK_JS_HARAM_2PFRSS_APR_JUN_2026WEEKEND
SWK,SWK_JS_HARAM_3P,FRSS_APR_JUN_2026,WEEKEND,355,0,,,50,3,Triple,SWKSWK_JS_HARAM_3PFRSS_APR_JUN_2026WEEKEND
SWK,SWK_JS_HARAM_4P,FRSS_APR_JUN_2026,WEEKEND,391,0,,,50,4,Quad,SWKSWK_JS_HARAM_4PFRSS_APR_JUN_2026WEEKEND
SWK,SWK_JS_KAABA_2P,FRSS_APR_JUN_2026,WEEKDAY,352,0,,,50,2,Double,SWKSWK_JS_KAABA_2PFRSS_APR_JUN_2026WEEKDAY
SWK,SWK_JS_KAABA_3P,FRSS_APR_JUN_2026,WEEKDAY,388,0,,,50,3,Triple,SWKSWK_JS_KAABA_3PFRSS_APR_JUN_2026WEEKDAY
SWK,SWK_JS_KAABA_4P,FRSS_APR_JUN_2026,WEEKDAY,423,0,,,50,4,Quad,SWKSWK_JS_KAABA_4PFRSS_APR_JUN_2026WEEKDAY
SWK,SWK_JS_KAABA_2P,FRSS_APR_JUN_2026,WEEKEND,358,0,,,50,2,Double,SWKSWK_JS_KAABA_2PFRSS_APR_JUN_2026WEEKEND
SWK,SWK_JS_KAABA_3P,FRSS_APR_JUN_2026,WEEKEND,394,0,,,50,3,Triple,SWKSWK_JS_KAABA_3PFRSS_APR_JUN_2026WEEKEND
SWK,SWK_JS_KAABA_4P,FRSS_APR_JUN_2026,WEEKEND,429,0,,,50,4,Quad,SWKSWK_JS_KAABA_4PFRSS_APR_JUN_2026WEEKEND
